average_entropy,average_policy_loss,average_value,average_value_loss,eplenmean,eprewmean,eval_eplenmean,eval_eprewmean,explained_variance,fps,n_updates,num_ppo_update,steps,total_steps
2.7080498,-0.0007127370142067472,-0.015774924,0.7468929539124171,83.3225806451613,10.0,69.11111111111111,10.0,-0.000701614748466417,3077,24,1.0,256,16384
2.7073216,-0.0008383037153786669,0.14082128,0.5860309603934487,285.20454545454544,5.681818,272.03225806451616,6.129032,0.009671295142439473,3684,48,2.0,512,32768
2.7022119,-0.0008977439073431823,0.22759058,0.620150762092736,329.67,4.8,317.97,5.2,0.03703112783812412,3735,72,3.0,768,49152
2.6947439,-0.001058438031274515,0.32364228,0.5574707196404537,323.84,4.8,308.1,5.4,0.05435462596698726,3693,96,4.0,1024,65536
2.6820383,-0.0016620902065187693,0.362273,0.5193248233199119,328.43,4.5,342.41,4.4,0.11527862856875248,3742,120,5.0,1280,81920
2.6867082,-0.0008975602453574538,0.4109574,0.5459383477270603,293.22,5.0,322.74,4.4,0.1613643643660524,3693,144,6.0,1536,98304
2.6676567,-0.0010679354378953577,0.5707195,0.5643810038268566,309.94,4.9,331.67,4.3,0.1705710835780514,3710,168,7.0,1792,114688
2.662854,-0.0016120399301871658,0.7138186,0.6111595132946968,290.21,5.7,321.26,4.9,0.15081471120879053,3688,192,8.0,2048,131072
2.6314437,-0.0013147066533565521,0.9666122,0.6223066091537476,309.66,5.3,317.18,5.0,0.19367192488528684,3723,216,9.0,2304,147456
2.6323886,-0.0012165453983470798,0.94728005,0.5742375335097313,320.6,5.0,312.73,4.7,0.26206168329876467,3686,240,10.0,2560,163840
2.6388457,-0.0016588885616511107,0.9351002,0.5130185544490814,327.37,4.6,328.2,4.4,0.28975457262379223,3726,264,11.0,2816,180224
2.6209486,-0.000927886008284986,1.0353225,0.43920192748308184,310.11,4.8,315.56,4.8,0.38909634323100484,3689,288,12.0,3072,196608
2.6105015,-0.0006992935435846448,1.1447686,0.37089695140719414,327.76,4.1,305.12,5.0,0.4569002096514174,3706,312,13.0,3328,212992
2.5860665,-0.00140957314055413,1.1225535,0.31743393406271936,343.86,3.7,306.43,5.0,0.5765849731105273,3669,336,14.0,3584,229376
2.570314,-0.0007848751847632229,1.1719309,0.33630278930068014,321.89,4.3,295.35,5.1,0.3810737304051186,3710,360,15.0,3840,245760
2.584133,-0.0019535496295429765,1.1141189,0.38443479880690573,279.42,5.8,298.76,5.0,0.3456853248316324,3651,384,16.0,4096,262144
2.4974582,-0.002436004232149571,1.5196924,0.40659296572208403,303.34,5.3,296.46,5.3,0.5336299522879921,3655,408,17.0,4352,278528
2.4853473,-0.001789051869418472,1.5089597,0.43075593903660775,314.67,4.5,269.27,5.9,0.6004569663048513,3680,432,18.0,4608,294912
2.522789,-0.0010026730014942586,1.6251624,0.45797269463539125,287.58,5.2,271.17,5.9,0.5387936283089874,3639,456,19.0,4864,311296
2.5504227,-0.0009955115034244954,1.2552986,0.4475547340512276,268.96,5.9,314.17,5.1,0.5295730048353653,3674,480,20.0,5120,327680
2.5342236,-0.0006307635386474431,1.3237141,0.4395662343502045,278.76,5.8,278.73,5.5,0.6498477260545659,3641,504,21.0,5376,344064
2.5514257,-0.0012541072582826019,1.4870712,0.4610698902606964,310.72,5.2,329.19,4.4,0.7217140515745706,3667,528,22.0,5632,360448
2.5386107,-0.00042709559202194216,1.6798587,0.3974346902966499,314.68,5.2,333.11,4.5,0.7083778278437578,3643,552,23.0,5888,376832
2.5861626,-0.0019114603358320892,1.5603322,0.37262337863445283,319.95,4.9,307.96,4.9,0.6730495715811703,3667,576,24.0,6144,393216
2.5909662,-0.001157919701654464,1.4549197,0.36828827887773513,291.73,5.5,313.39,5.0,0.6060182969118835,3649,600,25.0,6400,409600
2.5811381,-0.0013311171135865151,1.5257148,0.35611007392406463,304.01,5.2,255.2,5.9,0.6315047997937908,3715,624,26.0,6656,425984
2.5691218,-0.0009620320773683488,1.5550259,0.3573555792868137,307.16,5.0,278.12,5.4,0.7258967259462474,3672,648,27.0,6912,442368
2.537793,-0.002277062654029578,1.5979378,0.35865996807813644,321.92,4.7,268.92,5.6,0.6563375089075328,3627,672,28.0,7168,458752
2.592175,-0.0007380137825384736,1.3986714,0.35850212544202803,299.77,5.3,254.23,5.8,0.6853096387764244,3696,696,29.0,7424,475136
2.563703,-0.0019832533039152622,1.5508239,0.3654149186611175,256.63,6.1,251.53,6.0,0.7094865422450787,3667,720,30.0,7680,491520
2.5408266,-0.0015457701962441207,1.8176824,0.3552012306451797,292.64,5.1,295.09,5.2,0.8195152880625444,3712,744,31.0,7936,507904
2.524533,-0.00156498437281698,1.9141473,0.3415943257510662,298.09,4.8,304.34,5.3,0.8562594719741079,3679,768,32.0,8192,524288
2.5466022,-0.0016175530292093755,1.6686472,0.29389599479734896,297.66,4.8,337.85,4.5,0.9074456626946327,3643,792,33.0,8448,540672
2.520417,-0.0021037901751697063,1.8335348,0.2870477095991373,315.75,4.5,346.7,4.3,0.8134610102189226,3637,816,34.0,8704,557056
2.5578349,-0.0023686783760786057,1.6077764,0.30999408937990663,316.82,5.2,323.07,4.5,0.7931979441229007,3626,840,35.0,8960,573440
2.5397968,-0.002398127852939069,1.7770984,0.29548652209341525,332.85,4.9,290.7,5.1,0.7986952255367235,3665,864,36.0,9216,589824
2.5351148,-0.0020120435813441875,1.9519432,0.308065061122179,330.66,4.4,252.87,5.8,0.7911848734862925,3659,888,37.0,9472,606208
2.515278,-0.0019331582868471742,2.1777675,0.2917085388302803,292.44,5.2,260.9,5.9,0.8830371545677678,3664,912,38.0,9728,622592
2.5945292,-0.0014860781468451023,1.633343,0.26964437037706374,256.74,5.8,237.82,6.5,0.8506321334328298,3701,936,39.0,9984,638976
2.5672631,-0.002030463311821222,1.7117871,0.2907067409157753,273.91,5.6,239.79,6.7,0.7917035210258814,3621,960,40.0,10240,655360
2.5651922,-0.0025665562599897383,1.8626797,0.2966664217412472,288.1,5.3,259.6,6.3,0.875481555596749,3677,984,41.0,10496,671744
2.601468,-0.002144147006329149,1.3686626,0.31020175278186796,284.95,5.3,283.75,5.4,0.7980180511375432,3650,1008,42.0,10752,688128
2.5625668,-0.001841804930008948,1.6639092,0.2877440431714058,305.13,4.9,280.37,5.6,0.8802037111268639,3691,1032,43.0,11008,704512
2.5768821,-0.0021966146817430855,1.5227405,0.2762060672044754,323.71,4.7,294.23,5.1,0.8941604232995677,3663,1056,44.0,11264,720896
2.5457432,-0.0023158220038749277,1.93384,0.26142695859074594,304.78,5.1,306.6,4.6,0.8851911483858006,3699,1080,45.0,11520,737280
2.5786507,-0.002286845538765192,1.5669028,0.23687319085001945,325.06,4.5,311.82,4.6,0.8810341369904248,3664,1104,46.0,11776,753664
2.5695014,-0.0014626357611268758,1.8518093,0.26340382039546967,305.01,5.2,304.05,5.2,0.8361806077729649,3702,1128,47.0,12032,770048
2.5637872,-0.0016471494687721132,1.8664584,0.24831508085131646,279.68,5.4,320.26,5.0,0.910625367862364,3670,1152,48.0,12288,786432
2.5849607,-0.0019401328382082283,1.7402964,0.2736805979907513,280.23,5.7,319.51,4.5,0.8159712202393791,3698,1176,49.0,12544,802816
2.6092982,-0.0015001132781617343,1.5836354,0.288297827988863,283.99,5.7,302.73,4.8,0.8217300481839029,3659,1200,50.0,12800,819200
2.5963979,-0.0019656488578766586,1.7517085,0.25674232468008995,272.26,5.2,297.48,4.9,0.907371255505743,3690,1224,51.0,13056,835584
2.589447,-0.0015199346630834043,1.6565598,0.2728517892956734,274.95,5.4,305.85,4.8,0.8508084386585406,3662,1248,52.0,13312,851968
2.5568056,-0.002344417490530759,2.0285888,0.28011141091585157,257.91,6.1,303.56,4.8,0.8706884202601658,3691,1272,53.0,13568,868352
2.5739737,-0.0025086994539014994,1.594143,0.30688282653689386,260.45,6.2,299.06,4.9,0.8096638659016618,3699,1296,54.0,13824,884736
2.5913882,-0.0028671499690972268,1.5003682,0.33701082453131675,288.11,5.7,280.12,5.4,0.808797461562617,3662,1320,55.0,14080,901120
2.5455685,-0.002602436929009855,2.042359,0.32680853992700576,318.16,4.8,274.46,5.6,0.8853807544496816,3699,1344,56.0,14336,917504
2.5541646,-0.003139171884395182,2.2406313,0.2991201370954514,309.46,4.9,273.91,5.4,0.9273158495549148,3666,1368,57.0,14592,933888
2.571084,-0.00320253832731396,2.04369,0.3225872269272804,276.16,6.1,306.08,4.9,0.8238006591922626,3691,1392,58.0,14848,950272
2.592134,-0.0030326910549774767,1.5386914,0.2932171918451786,257.48,6.0,310.08,5.2,0.8585460029856469,3700,1416,59.0,15104,966656
2.554898,-0.002222015275619924,2.0280194,0.26321066051721576,306.43,4.8,282.15,5.5,0.954713064081139,3657,1440,60.0,15360,983040
2.5948145,-0.0031220036512240768,1.5726062,0.2907161551713944,307.5,5.1,265.6,6.1,0.8685341083160716,3689,1464,61.0,15616,999424
2.5625033,-0.0028353497525677087,1.7610708,0.2283135825395584,294.23,5.6,276.65,6.0,0.906260942024235,3651,1488,62.0,15872,1015808
2.5285258,-0.002704109239857644,2.1739242,0.2386169971525669,291.74,5.3,294.28,5.2,0.9035541902809129,3691,1512,63.0,16128,1032192
2.5515108,-0.0031696137902326883,1.7510115,0.29010648146271706,274.22,5.9,266.57,5.6,0.8777204754415127,3635,1536,64.0,16384,1048576
2.56125,-0.0026803287980146705,1.5603269,0.27918172881007197,265.0,5.7,265.48,5.9,0.9051440010502478,3642,1560,65.0,16640,1064960
2.5048656,-0.001969164372421801,1.9881859,0.2747809337079525,295.72,4.9,265.1,5.8,0.9241263200247539,3660,1584,66.0,16896,1081344
2.4796798,-0.0020920194336213173,2.4417505,0.25995048448443414,309.85,4.7,268.52,5.8,0.925456026484735,3622,1608,67.0,17152,1097728
2.5116553,-0.0020054990076459945,2.049004,0.2706661607325077,260.85,5.8,308.24,5.0,0.8871954471814762,3659,1632,68.0,17408,1114112
2.5185518,-0.0021757668652571736,1.8060694,0.2694195739924908,254.71,6.0,291.03,5.4,0.9043475095482468,3634,1656,69.0,17664,1130496
2.537976,-0.0025729529536329208,1.6852016,0.284517455548048,304.96,5.0,257.86,5.8,0.8602682667147601,3670,1680,70.0,17920,1146880
2.5666292,-0.0022716890857554972,1.5444604,0.28530035838484763,334.24,4.2,288.76,5.2,0.8816034136742623,3637,1704,71.0,18176,1163264
2.544482,-0.0036883370205760004,1.8146927,0.2848545041680336,258.06,5.5,281.34,5.2,0.895844681450587,3659,1728,72.0,18432,1179648
2.5705757,-0.0026246831589378417,1.254563,0.25404546193778516,249.27,5.6,286.55,4.9,0.9421341848768635,3638,1752,73.0,18688,1196032
2.536889,-0.0023679325543344023,1.3140107,0.2536537254601717,301.55,4.7,254.49,5.6,0.891164261726151,3670,1776,74.0,18944,1212416
2.5077941,-0.0029052681545726957,1.5266416,0.24996228881180285,303.44,4.8,287.0,4.9,0.9104687569448195,3635,1800,75.0,19200,1228800
2.500109,-0.002909281705506146,1.7673053,0.230070124194026,312.92,4.6,280.42,5.5,0.9193502094254229,3662,1824,76.0,19456,1245184
2.5156047,-0.002227097654249519,1.7306052,0.25926204860210417,295.08,5.1,295.83,5.0,0.8869718695118537,3654,1848,77.0,19712,1261568
2.5314143,-0.0034100505872629583,1.5205613,0.2161587032303214,286.95,5.2,303.96,4.6,0.9544664238914684,3693,1872,78.0,19968,1277952
2.5353906,-0.002221951619721949,2.0008347,0.21276248913258314,340.51,3.8,261.3,5.9,0.8879135523542726,3688,1896,79.0,20224,1294336
2.558553,-0.00335453940089792,1.6295317,0.21359138559550048,336.04,4.1,294.5,5.0,0.900247834867543,3658,1920,80.0,20480,1310720
2.534893,-0.0031354564148932695,1.8949153,0.21456221472471954,303.9,5.0,305.6,4.8,0.8608822079015095,3692,1944,81.0,20736,1327104
2.563719,-0.0024804135132580995,1.6526071,0.2535688790678978,307.94,5.0,303.31,4.9,0.9085325053079907,3645,1968,82.0,20992,1343488
2.5463734,-0.0024751692544668913,1.9788878,0.28295583710074423,287.88,5.1,273.4,5.6,0.9129808180115258,3677,1992,83.0,21248,1359872
2.5595381,-0.002445692685432732,1.8798245,0.29243902310729025,285.34,5.1,259.35,5.9,0.9237000484551234,3645,2016,84.0,21504,1376256
2.5380902,-0.0027627287153154613,2.1040409,0.28672142058610917,275.8,5.4,298.75,5.3,0.9074677747206373,3656,2040,85.0,21760,1392640
2.5056865,-0.002581833717413247,2.5441282,0.28760527580976486,290.28,5.2,309.15,5.0,0.9311425391245164,3609,2064,86.0,22016,1409024
2.5622656,-0.002663664845749736,1.8755317,0.25146036349236967,261.71,6.0,298.85,5.1,0.9520225773576485,3677,2088,87.0,22272,1425408
2.5901973,-0.002681962572969496,1.4833401,0.2954793766885996,238.03,6.2,285.27,5.3,0.8483031224066643,3658,2112,88.0,22528,1441792
2.5783253,-0.0024827908026054503,1.5540427,0.2672469965368509,270.77,5.6,282.19,5.5,0.9319170855414682,3674,2136,89.0,22784,1458176
2.5542808,-0.0028881952399387955,1.8739249,0.25492118947207926,307.33,4.7,263.06,6.0,0.9159860954090854,3630,2160,90.0,23040,1474560
2.5963442,-0.0026383204967714846,1.3452486,0.2740403147041798,297.65,4.7,282.94,5.6,0.8940932746073678,3664,2184,91.0,23296,1490944
2.596544,-0.0032550247106701135,1.4104992,0.24586761832237244,275.82,5.2,280.65,5.6,0.893227673235223,3635,2208,92.0,23552,1507328
2.5897915,-0.0031984595255926253,1.3938974,0.25101413011550905,278.97,5.4,273.18,5.2,0.8496852313515932,3662,2232,93.0,23808,1523712
2.5442495,-0.0024199750274419784,2.1700206,0.27727770000696184,306.99,5.1,231.78,6.1,0.8514291080645752,3643,2256,94.0,24064,1540096
2.5475547,-0.0021943402430042625,2.5094128,0.29237431913614276,284.26,5.4,267.16,5.4,0.9191515208642489,3670,2280,95.0,24320,1556480
2.5802858,-0.001734633040614426,1.8023335,0.32063544541597366,246.99,6.2,317.06,4.4,0.8741762894027769,3657,2304,96.0,24576,1572864
2.58541,-0.0019340003281831742,1.684239,0.32598701789975165,257.64,6.1,277.19,5.2,0.9160849370759365,3696,2328,97.0,24832,1589248
2.5727427,-0.0026194407232105732,1.6400534,0.318717042952776,228.28,6.2,290.04,5.1,0.8975132565673611,3674,2352,98.0,25088,1605632
2.564645,-0.0030984365660697223,1.9139339,0.29132879704236986,268.87,5.5,284.37,5.2,0.9148993235850958,3701,2376,99.0,25344,1622016
2.5414057,-0.0031879116035997868,2.2096527,0.2775427429378033,285.18,5.0,266.12,5.4,0.9017462875976929,3650,2400,100.0,25600,1638400
2.5312002,-0.004112193756736815,2.1471334,0.29146393209695814,275.09,5.7,279.79,5.4,0.9186189020487157,3700,2424,101.0,25856,1654784
2.552444,-0.0035450254241004586,1.5048721,0.3141075266897678,252.8,6.0,308.93,4.6,0.891337431067456,3663,2448,102.0,26112,1671168
2.5095384,-0.0028793074935674666,2.3487792,0.3191981914639473,250.06,6.1,279.57,5.0,0.9062116818434441,3704,2472,103.0,26368,1687552
2.536873,-0.0035037326300516726,2.1579487,0.3081795516610146,250.73,5.7,267.45,5.5,0.9086503030818606,3661,2496,104.0,26624,1703936
2.5445483,-0.003472028593532741,1.9935598,0.29023425370454786,255.46,5.9,294.29,4.8,0.9127624273437671,3694,2520,105.0,26880,1720320
2.5361836,-0.00385520696407184,2.05559,0.2802243819832802,287.0,5.5,286.09,4.9,0.9088138068355763,3694,2544,106.0,27136,1736704
2.5501623,-0.003953910318668932,1.7540109,0.26534566536545756,273.3,5.5,265.2,5.6,0.925257694797228,3670,2568,107.0,27392,1753088
2.5103738,-0.003534469448495656,2.5546176,0.2939503653347492,259.76,5.7,242.39,6.1,0.9058710545590699,3697,2592,108.0,27648,1769472
2.5095954,-0.003179907703306526,2.2732136,0.28054802373051646,279.49,5.3,255.19,6.0,0.9446260891273339,3669,2616,109.0,27904,1785856
2.5252554,-0.0029164198925718666,2.1421158,0.25642863288521767,285.04,5.2,281.97,5.6,0.9184670131839965,3703,2640,110.0,28160,1802240
2.5248725,-0.002997115352191031,2.3156965,0.25232036888599396,282.28,5.1,264.8,5.9,0.9324752471109422,3627,2664,111.0,28416,1818624
2.578406,-0.002702178182080388,1.700966,0.2578578881919384,278.38,5.6,244.67,6.2,0.8636159659633871,3662,2688,112.0,28672,1835008
2.5031197,-0.0028069965494796636,2.7997942,0.2298366663604975,292.21,5.2,274.78,5.4,0.9525621880425875,3637,2712,113.0,28928,1851392
2.5237226,-0.0026950320787727834,2.3679433,0.23931614704430104,303.88,4.7,297.72,5.0,0.9412409988083777,3667,2736,114.0,29184,1867776
2.541639,-0.003611946883611381,2.02315,0.2658245857805014,246.23,6.2,274.65,5.6,0.9088600346321234,3620,2760,115.0,29440,1884160
2.5374923,-0.003132064857054502,2.4147265,0.24963163204491137,267.88,5.6,301.29,5.3,0.9153885280589588,3662,2784,116.0,29696,1900544
2.5701656,-0.00328700287733227,2.0001314,0.28358794309198854,255.01,5.8,285.96,5.7,0.9101073378582922,3627,2808,117.0,29952,1916928
2.4968932,-0.0027127259271219374,2.5671418,0.2817473082244396,224.19,6.4,261.9,5.6,0.9336426648175344,3665,2832,118.0,30208,1933312
2.4981527,-0.0034057079628109933,2.6418982,0.27420700892806055,257.32,5.8,258.91,5.3,0.9149375491075431,3638,2856,119.0,30464,1949696
2.5391996,-0.003142945107538253,2.4700322,0.2545116890966892,265.76,5.8,268.6,5.2,0.9411487443342029,3647,2880,120.0,30720,1966080
2.5345137,-0.00289884981000796,2.5135512,0.22937019020318986,295.23,5.1,257.23,5.6,0.9476760503512286,3631,2904,121.0,30976,1982464
2.5612965,-0.0028284051292575894,2.2493799,0.23798944517970086,321.38,4.4,271.68,5.3,0.89944481640985,3670,2928,122.0,31232,1998848
2.5773149,-0.0033379384013824164,2.2280915,0.23134711146354675,299.79,5.1,254.16,5.7,0.9291748381040773,3628,2952,123.0,31488,2015232
2.5603259,-0.0037283249222673474,2.1409495,0.22545154243707657,262.38,5.9,222.21,6.5,0.9457702260475397,3663,2976,124.0,31744,2031616
2.5722904,-0.0037487786798737943,1.7326328,0.24919620975852014,275.62,5.9,262.34,6.2,0.907256505566202,3638,3000,125.0,32000,2048000
2.5408242,-0.0038438053941354158,1.8293598,0.22835998751223088,288.81,5.3,270.55,6.1,0.9385221670798456,3666,3024,126.0,32256,2064384
2.537485,-0.003766213010530919,2.044633,0.22630815990269185,283.07,5.4,279.52,5.3,0.9216266827275161,3633,3048,127.0,32512,2080768
2.5550668,-0.004159019498620182,1.9841903,0.23115934781730174,299.81,5.0,281.12,5.3,0.9240483390704525,3667,3072,128.0,32768,2097152
2.5450377,-0.0037907607317902146,2.0479844,0.22515118069946766,280.74,5.2,291.22,5.3,0.909900678654473,3683,3096,129.0,33024,2113536
2.5629566,-0.0036608915030956267,2.082793,0.21046829849481583,273.83,5.3,255.14,6.0,0.9369745504858328,3658,3120,130.0,33280,2129920
2.5925977,-0.003460281719453633,2.259811,0.21287949308753013,279.54,5.2,247.77,6.5,0.9245665587191905,3697,3144,131.0,33536,2146304
2.619285,-0.0038306939299218357,1.6071346,0.22859058499336243,265.82,5.7,252.08,6.2,0.9113834955601188,3665,3168,132.0,33792,2162688
2.6075726,-0.003571807115804404,1.6508635,0.22442690789699554,296.02,5.2,272.96,5.8,0.884683616133036,3702,3192,133.0,34048,2179072
2.6152008,-0.003742044814862311,1.6197056,0.24633048459887505,303.38,5.2,283.26,5.5,0.9136809901486338,3653,3216,134.0,34304,2195456
2.5873148,-0.003844884131103754,1.7967159,0.2424233877658844,297.47,5.3,281.83,5.6,0.9257394793517807,3694,3240,135.0,34560,2211840
2.5856483,-0.003633816558867693,1.7722534,0.25720274686813355,255.63,5.7,285.13,5.8,0.8858743774163923,3638,3264,136.0,34816,2228224
2.5583017,-0.004836920420639217,2.0046365,0.236846966072917,284.32,5.3,251.29,6.0,0.9449651821209611,3683,3288,137.0,35072,2244608
2.528975,-0.004461628291755915,2.4877398,0.24218412883579732,324.31,4.3,239.52,6.2,0.9280253373380368,3643,3312,138.0,35328,2260992
2.5354385,-0.0038202193891629576,1.9965634,0.27031462870538236,296.8,5.2,290.92,5.5,0.8884250143630315,3681,3336,139.0,35584,2277376
2.5267553,-0.0033245974965393542,1.9852399,0.26407506950199605,275.35,6.1,237.32,6.4,0.8901029990748198,3656,3360,140.0,35840,2293760
2.567325,-0.003255796595476568,1.7334111,0.2708930343389511,278.44,5.8,264.94,5.6,0.8992867763825598,3677,3384,141.0,36096,2310144
2.5712938,-0.0036238182871602474,1.9603555,0.27385212153196337,281.06,5.3,287.28,5.2,0.8755520166289723,3664,3408,142.0,36352,2326528
2.5812075,-0.00435472734970972,2.2033877,0.25441095128655433,280.27,5.3,264.02,5.9,0.9050504612885022,3684,3432,143.0,36608,2342912
2.5419102,-0.0029143519792705773,2.7347493,0.28673617243766786,232.35,6.4,236.09,6.4,0.8889732986719826,3645,3456,144.0,36864,2359296
2.5521655,-0.0034311660844832657,2.4487338,0.2934692071378231,252.52,6.2,239.97,5.9,0.9290641568984398,3679,3480,145.0,37120,2375680
2.5992026,-0.002676411534193903,1.8163037,0.3078510603308678,276.13,5.7,289.37,5.3,0.8974950915719926,3650,3504,146.0,37376,2392064
2.6051986,-0.002795149760786444,1.9999211,0.31148454040288925,305.43,4.9,309.34,5.2,0.8983995268748077,3663,3528,147.0,37632,2408448
2.574352,-0.0032789175282232465,2.195228,0.2781383490562439,299.83,5.2,317.93,4.5,0.9144321995965325,3634,3552,148.0,37888,2424832
2.5527604,-0.0033521053893491625,2.5748208,0.26043306112289427,283.43,5.4,273.01,5.3,0.9408678866368821,3647,3576,149.0,38144,2441216
2.5467732,-0.003192742238752544,2.3246279,0.25066013529896736,294.19,5.2,284.47,5.5,0.9256975055553988,3650,3600,150.0,38400,2457600
2.5432954,-0.003290302990935743,2.013788,0.25702416434884073,274.12,5.5,258.91,6.2,0.9102179051494935,3649,3624,151.0,38656,2473984
2.5624077,-0.0028080192138440906,1.7975559,0.2383346326649189,280.95,5.2,257.05,5.9,0.9161609736414079,3624,3648,152.0,38912,2490368
2.563911,-0.002447430957108736,2.0982084,0.2621412681043148,268.19,5.5,278.01,5.4,0.8920832847449067,3677,3672,153.0,39168,2506752
2.5803115,-0.0029076396115124224,1.7617304,0.24212366461753845,266.79,5.7,273.12,5.5,0.9425170922245036,3624,3696,154.0,39424,2523136
2.5528924,-0.003382265754044056,2.1769674,0.24206395253539084,310.69,5.0,289.65,5.5,0.8859347021849636,3664,3720,155.0,39680,2539520
2.5618436,-0.003267288785427809,2.1110873,0.2784100230038166,283.21,5.2,287.78,5.7,0.8932520769423141,3657,3744,156.0,39936,2555904
2.5912285,-0.0028324518795125185,1.5947995,0.2726132310926914,236.58,6.2,261.04,6.0,0.899916120664715,3627,3768,157.0,40192,2572288
2.5794408,-0.0034463661606423555,1.8495048,0.28229046173393724,257.33,5.6,266.09,5.8,0.9114876955526181,3673,3792,158.0,40448,2588672
2.6057193,-0.003938945035915822,1.5016721,0.27034089267253875,279.84,5.3,288.08,4.9,0.9160968720986409,3643,3816,159.0,40704,2605056
2.5810893,-0.003225930251646787,1.951379,0.23937471702694893,274.61,5.8,325.39,4.1,0.9040477609385994,3672,3840,160.0,40960,2621440
2.593715,-0.0036106397421099244,2.023861,0.2569600683450699,270.75,5.9,291.21,4.9,0.8690227989883523,3663,3864,161.0,41216,2637824
2.6138928,-0.0033677079854533077,1.4707956,0.260625067949295,265.89,5.9,277.39,5.6,0.896348317677863,3703,3888,162.0,41472,2654208
2.6122677,-0.0032561705878470094,1.572207,0.2891687694191933,269.07,5.9,267.36,6.0,0.8715743197122743,3670,3912,163.0,41728,2670592
2.6046708,-0.003807028030278161,1.5211562,0.2674261479079723,257.36,5.8,282.89,5.5,0.9403045557601429,3702,3936,164.0,41984,2686976
2.5883822,-0.0037639524659607558,1.5851727,0.23309774011373519,282.68,5.3,286.23,5.1,0.928214727984436,3679,3960,165.0,42240,2703360
2.5927548,-0.0033652785152662543,1.5068054,0.2259688712656498,262.49,5.8,250.58,5.8,0.8796008605081131,3662,3984,166.0,42496,2719744
2.5964353,-0.002644017436541617,1.640793,0.20220367401838302,288.0,5.3,269.83,5.5,0.9261506011336821,3626,4008,167.0,42752,2736128
2.5927813,-0.003321348410099745,1.6233283,0.23836972244083882,303.41,5.3,289.79,5.3,0.8996963311867764,3656,4032,168.0,43008,2752512
2.5946407,-0.0029456970351748168,1.3923944,0.2281483843177557,289.89,5.3,289.78,5.2,0.9335454206527519,3614,4056,169.0,43264,2768896
2.5785387,-0.003063098422717303,1.8762721,0.22604746080935,301.91,4.4,257.39,5.8,0.8824030606290376,3674,4080,170.0,43520,2785280
2.590279,-0.003074635707307607,2.1068506,0.23092070154845715,277.39,5.1,270.22,5.5,0.9273160124024006,3644,4104,171.0,43776,2801664
2.596993,-0.003441420865710825,1.6628633,0.21671408228576183,293.06,5.3,266.9,5.7,0.9121886896725824,3644,4128,172.0,44032,2818048
2.5696523,-0.003015452199615538,1.7652204,0.24477077282965184,280.59,5.7,232.71,6.2,0.8627488509961373,3658,4152,173.0,44288,2834432
2.5971055,-0.002870528348721564,1.9397888,0.25160505071282385,259.46,5.7,247.77,5.9,0.9084621288627976,3634,4176,174.0,44544,2850816
2.5963647,-0.0032106064213439822,1.9077764,0.24149710729718207,283.11,5.3,271.79,5.5,0.923193313817529,3683,4200,175.0,44800,2867200
2.6025004,-0.003057487497571856,1.8279834,0.2571807707846165,270.19,5.7,239.5,6.2,0.8896749968121277,3649,4224,176.0,45056,2883584
2.5892484,-0.0034236999857239427,1.488552,0.2770376256108284,245.99,6.5,265.24,5.8,0.8878061356590066,3670,4248,177.0,45312,2899968
2.5745254,-0.0034774807118810713,1.666717,0.2686379066109657,277.7,5.6,250.88,6.1,0.9130272208845758,3661,4272,178.0,45568,2916352
2.5552564,-0.0037619779841043055,2.0035307,0.310754106938839,311.4,4.9,281.9,5.6,0.8260857430689974,3696,4296,179.0,45824,2932736
2.5335174,-0.00333422074560076,2.350088,0.2961406198143959,302.06,5.0,295.92,5.2,0.9152677295181267,3645,4320,180.0,46080,2949120
2.5535161,-0.0028072315640747547,2.10089,0.286111955344677,296.28,5.1,292.11,5.0,0.9136388842054798,3674,4344,181.0,46336,2965504
2.5736191,-0.0025619530119001866,1.8626658,0.278229059651494,273.23,5.8,282.4,5.3,0.9366166564339996,3666,4368,182.0,46592,2981888
2.5605385,-0.0034489291766658424,1.9664963,0.24884204305708407,309.62,5.0,255.64,5.9,0.9113263105700915,3626,4392,183.0,46848,2998272
2.5679512,-0.002737184362486005,1.7959701,0.25833211801946165,336.13,4.4,230.66,6.3,0.8691090778227528,3658,4416,184.0,47104,3014656
2.5510738,-0.003028971480671316,2.0020387,0.2520683953911066,305.18,4.9,279.33,5.5,0.9137767851065033,3656,4440,185.0,47360,3031040
2.5505025,-0.003833930806722492,2.0709414,0.27718531623482706,256.34,5.8,254.45,6.2,0.9007536556174732,3698,4464,186.0,47616,3047424
2.536169,-0.003921369351446629,2.1363778,0.2814966244995594,262.25,5.8,250.76,6.0,0.9119627697346362,3669,4488,187.0,47872,3063808
2.5499618,-0.003786892448551953,1.6427104,0.28925747171044347,273.35,5.7,238.74,6.2,0.8926275212660135,3634,4512,188.0,48128,3080192
2.5450048,-0.004039666936732828,2.174851,0.2898013588786125,265.81,5.7,260.97,5.7,0.8482883610173466,3700,4536,189.0,48384,3096576
2.5421135,-0.003841805492993444,2.2169335,0.2898480027914047,247.32,6.1,331.56,4.1,0.910858894202412,3653,4560,190.0,48640,3112960
2.556703,-0.0033056876016780735,1.9992439,0.2905659298598766,252.85,6.1,333.61,4.1,0.9226882276089794,3677,4584,191.0,48896,3129344
2.5371587,-0.0030349467392079533,2.468608,0.26639081761240957,301.92,5.3,300.01,5.1,0.9221206694376093,3698,4608,192.0,49152,3145728
2.5499272,-0.0023713020212017,2.7177637,0.2546610447764397,300.18,5.0,310.91,4.8,0.9292846676328308,3670,4632,193.0,49408,3162112
2.568544,-0.0031547169643454252,2.1004226,0.2410474506020546,294.99,5.1,283.23,5.2,0.9248357006180551,3689,4656,194.0,49664,3178496
2.6052582,-0.0036403043125756086,1.3602971,0.24421108707785608,294.56,5.1,286.39,5.5,0.8675090542689816,3644,4680,195.0,49920,3194880
2.5415459,-0.0036685723811388017,2.3773055,0.25724530577659604,272.69,5.3,306.51,5.1,0.9136508095288708,3683,4704,196.0,50176,3211264
2.5530994,-0.003219502354040742,2.2122626,0.26551840409636496,282.78,5.3,331.81,4.5,0.9231136228625937,3668,4728,197.0,50432,3227648
2.547729,-0.0032640179339796303,2.1794436,0.2419536004960537,313.19,4.8,315.46,4.7,0.9402744797815915,3635,4752,198.0,50688,3244032
2.5619683,-0.0032474824180826543,1.995455,0.22419183373451232,319.03,4.6,294.53,5.2,0.9443787344705628,3671,4776,199.0,50944,3260416
2.5972764,-0.0042097382876090704,1.386205,0.22059021905064582,279.76,5.3,304.2,5.0,0.9214623263891977,3644,4800,200.0,51200,3276800
2.575571,-0.003883287578355521,1.9639205,0.2330991417169571,272.71,5.4,280.33,5.6,0.8859797523003139,3669,4824,201.0,51456,3293184
2.576544,-0.0037159912823699413,1.8175828,0.2692004932463169,233.26,6.3,264.61,5.7,0.8809858898766435,3628,4848,202.0,51712,3309568
2.5815957,-0.003386596138589084,1.7149644,0.28420836478471756,271.48,5.8,260.71,5.8,0.9211373496679307,3670,4872,203.0,51968,3325952
2.5343702,-0.0031448653014376758,2.4228277,0.25100210174918175,290.63,5.2,260.44,5.8,0.9697298327328384,3642,4896,204.0,52224,3342336
2.542076,-0.003266685095150024,2.1582665,0.26391022086143495,271.91,5.4,233.97,6.1,0.9089206709104164,3688,4920,205.0,52480,3358720
2.540115,-0.002566695048008114,2.3204234,0.24739406049251556,259.37,5.7,255.0,5.9,0.9184319388766109,3623,4944,206.0,52736,3375104
2.5885253,-0.003654802225064486,2.040596,0.288289769589901,277.04,5.7,266.06,5.8,0.8810653078087007,3659,4968,207.0,52992,3391488
2.5878375,-0.003513304509688169,2.2792866,0.29821750201284886,272.68,5.5,300.23,5.1,0.9525611072424578,3654,4992,208.0,53248,3407872
2.5359776,-0.004198105747345835,2.2675753,0.30036620035767553,295.96,4.9,281.44,5.5,0.9083328283015009,3613,5016,209.0,53504,3424256
2.547205,-0.0037030352954752744,2.0815141,0.28163547232747077,282.54,5.1,281.09,5.5,0.923973449770746,3655,5040,210.0,53760,3440640
2.5171196,-0.0036757852626033128,2.6525517,0.23156373284757137,269.69,5.2,316.56,4.8,0.9438339430112183,3606,5064,211.0,54016,3457024
2.5399044,-0.0032906832150183616,2.4324238,0.26383557103574273,258.64,5.8,289.68,5.3,0.9103238101428052,3658,5088,212.0,54272,3473408
2.5511534,-0.0036617256631143393,2.4846673,0.2503627098351717,259.61,5.9,260.0,6.2,0.9338474677439013,3698,5112,213.0,54528,3489792
2.494963,-0.003910491915885359,3.1527672,0.2541436069458723,304.58,4.9,249.42,6.3,0.9446254455680717,3666,5136,214.0,54784,3506176
2.5015812,-0.0031491591432131825,2.8748899,0.28088983774185183,316.39,4.8,288.95,5.2,0.9321459754676716,3664,5160,215.0,55040,3522560
2.531743,-0.0036989856394939124,2.3356025,0.2640646284818649,266.21,5.9,313.51,4.4,0.9399649499775619,3622,5184,216.0,55296,3538944
2.5187173,-0.0037059179157949984,2.8588169,0.24839188709855078,265.25,5.5,288.55,5.3,0.9524517363164693,3664,5208,217.0,55552,3555328
2.5567725,-0.003728614831343293,2.1594713,0.24235108979046344,299.14,4.8,268.88,6.0,0.9454686571367279,3664,5232,218.0,55808,3571712
2.5627763,-0.004160479346755892,2.4338543,0.2504229981452227,333.19,4.5,272.35,6.0,0.8879307195060553,3669,5256,219.0,56064,3588096
2.5365064,-0.0038515597977675496,2.6996655,0.23458693869411945,283.75,5.3,271.29,5.5,0.9450091809384001,3626,5280,220.0,56320,3604480
2.5546432,-0.0036167201469652355,2.433995,0.21898552529513837,289.26,5.1,271.4,5.8,0.9618322439019598,3684,5304,221.0,56576,3620864
2.5609064,-0.0033227288955822586,2.5026867,0.24699827507138253,300.05,5.2,264.87,6.1,0.9127329154237916,3670,5328,222.0,56832,3637248
2.5869668,-0.0041639853967353705,2.291345,0.2229446429014206,289.9,5.3,300.62,5.0,0.9505791418640323,3675,5352,223.0,57088,3653632
2.5766344,-0.0036624998319894075,2.0750859,0.2371713139116764,275.46,5.8,277.31,5.3,0.9287399544748763,3667,5376,224.0,57344,3670016
2.5604203,-0.00391280681360513,2.6708803,0.2629901285469532,266.61,6.0,283.48,5.4,0.9230842692153065,3686,5400,225.0,57600,3686400
2.5554535,-0.0036991893872618674,2.7707365,0.2552202679216862,278.69,5.5,284.34,5.3,0.9154034921122931,3653,5424,226.0,57856,3702784
2.5606713,-0.003088340633548796,2.4566412,0.2571867926418781,281.26,5.6,304.66,4.6,0.932176276091627,3663,5448,227.0,58112,3719168
2.5354366,-0.00393282079603523,2.7324774,0.24800966396927834,261.3,5.9,293.84,4.9,0.9461983163083552,3624,5472,228.0,58368,3735552
2.539069,-0.0038313610432669522,2.488014,0.22671579487621785,255.02,6.2,277.08,5.5,0.9545428356795556,3659,5496,229.0,58624,3751936
2.5273263,-0.0034865578077733516,2.8292105,0.22302090875804426,278.44,5.2,273.3,5.7,0.9356881977650042,3679,5520,230.0,58880,3768320
2.5512066,-0.002996122727636248,2.4788744,0.2375436020642519,257.48,5.5,270.95,5.7,0.9229613833561828,3665,5544,231.0,59136,3784704
2.5880804,-0.003849314015824348,2.0678644,0.23887133575975894,288.96,5.3,278.21,5.3,0.9306237930178536,3672,5568,232.0,59392,3801088
2.5900064,-0.0038063691882416605,2.0021188,0.24082622140645982,289.8,5.3,299.0,4.9,0.941280819433719,3658,5592,233.0,59648,3817472
2.573056,-0.003398865833878517,2.2496786,0.24836752235889434,275.31,5.3,257.33,5.8,0.9324627677354743,3672,5616,234.0,59904,3833856
2.5918498,-0.0032267960463650525,1.8568847,0.28571033373475074,231.5,6.6,259.61,5.7,0.8821841828137692,3634,5640,235.0,60160,3850240
2.586229,-0.003207740045618266,2.3003154,0.2972826516628265,238.59,6.6,301.75,5.0,0.9092422205999751,3673,5664,236.0,60416,3866624
2.555264,-0.0030940092401579022,2.302036,0.28816992983222006,281.88,5.4,273.54,5.6,0.9467174233700256,3697,5688,237.0,60672,3883008
2.559375,-0.003127716360613704,2.1092396,0.281556309312582,278.23,5.4,274.67,5.2,0.9388738720475348,3668,5712,238.0,60928,3899392
2.5647037,-0.0034458790183998643,2.3302011,0.23583882540464401,290.41,5.1,262.56,5.4,0.9276814313142693,3680,5736,239.0,61184,3915776
2.558896,-0.003308319728821516,2.3040206,0.2323633947968483,283.04,5.0,275.38,5.4,0.8969119533351704,3645,5760,240.0,61440,3932160
2.5615947,-0.0032832331419922413,2.163724,0.22155349992215634,257.64,5.6,302.49,4.8,0.9580284822867048,3674,5784,241.0,61696,3948544
2.5393288,-0.0037551794364117084,2.7576323,0.21572205252945423,276.74,5.3,273.17,5.3,0.9419665148852413,3682,5808,242.0,61952,3964928
2.5440595,-0.0035428159008733928,2.3787315,0.2271896678954363,285.23,5.5,291.77,5.0,0.9239245234101952,3667,5832,243.0,62208,3981312
2.5170321,-0.003321681849192828,2.3494043,0.21668508999049663,269.37,5.8,281.58,5.1,0.9256425864584829,3665,5856,244.0,62464,3997696
2.5115016,-0.0031906490260735156,2.3131933,0.22416776470839977,242.66,6.3,245.03,5.8,0.9337723484236681,3621,5880,245.0,62720,4014080
2.4971793,-0.002431067090947181,2.5078642,0.2297685293853283,283.52,5.4,245.02,6.1,0.9216779775051351,3659,5904,246.0,62976,4030464
2.5194583,-0.0027448326791636645,2.2322872,0.24204966709017753,253.7,6.0,268.79,5.4,0.9231757577366078,3630,5928,247.0,63232,4046848
2.5318527,-0.003167152067180723,2.1769283,0.2612739907205105,249.31,6.2,267.52,5.2,0.9167746452915609,3660,5952,248.0,63488,4063232
2.54483,-0.002933082359377295,2.0879214,0.27061249345541,274.26,5.4,304.14,4.6,0.9310556462181442,3628,5976,249.0,63744,4079616
2.5208664,-0.00375689931679517,2.4511743,0.2862701287865639,275.21,5.3,314.73,4.6,0.8965161743805998,3657,6000,250.0,64000,4096000
2.533478,-0.0035293928626924753,2.3023965,0.2622991964221001,295.47,5.0,270.73,5.6,0.9491447070705016,3625,6024,251.0,64256,4112384
2.547381,-0.0032698703836649655,2.379813,0.2307317478954792,291.06,4.9,242.64,6.2,0.937797242057095,3682,6048,252.0,64512,4128768
2.5393217,-0.003084380105137825,2.8077662,0.21937972128391267,278.57,5.3,263.3,5.7,0.945069516053266,3656,6072,253.0,64768,4145152
2.5437624,-0.003727550841867924,2.6211963,0.22847165584564208,294.84,5.5,257.28,5.8,0.9061035454645615,3696,6096,254.0,65024,4161536
2.5275128,-0.003956952968146652,2.8887892,0.2531567251682281,302.77,5.5,247.17,5.9,0.9157718163938459,3650,6120,255.0,65280,4177920
2.547401,-0.0035360047430731357,2.2712848,0.2635504394769669,281.09,5.9,246.54,6.1,0.946538537211644,3640,6144,256.0,65536,4194304
2.5594337,-0.00371757231419906,2.0835712,0.2893065030872822,273.95,5.8,247.93,6.2,0.8969545715963452,3683,6168,257.0,65792,4210688
2.5353596,-0.0038699805201031267,2.6002066,0.29281133428215983,293.02,5.3,267.59,5.8,0.897400119489147,3661,6192,258.0,66048,4227072
2.5421982,-0.00398678912082687,2.7419646,0.2626192060112953,309.38,4.9,293.51,5.2,0.9489436381469397,3684,6216,259.0,66304,4243456
2.5400941,-0.0034172619483433665,2.7436614,0.25370394825935366,290.68,5.1,264.32,5.7,0.9270353736320037,3648,6240,260.0,66560,4259840
2.5665176,-0.0032412686408497394,2.2406723,0.22507911369204522,289.13,5.1,223.01,6.7,0.9529222345949007,3684,6264,261.0,66816,4276224
2.5630014,-0.004233665845822543,2.0215704,0.20899099260568618,282.6,5.4,242.81,6.1,0.9167785765185273,3650,6288,262.0,67072,4292608
2.5390468,-0.0029577341349795463,2.3746865,0.19744620725512504,282.23,5.1,266.3,5.8,0.9565577789432964,3685,6312,263.0,67328,4308992
2.5450468,-0.0038165870402008294,2.036796,0.18369527958333493,288.51,5.3,298.58,4.8,0.9435690757654637,3682,6336,264.0,67584,4325376
2.5225377,-0.0033567806682549416,2.40473,0.20358105607330798,217.47,6.5,299.58,4.9,0.9157825878507933,3643,6360,265.0,67840,4341760
2.5335152,-0.0035134048806503416,2.201329,0.1871451061218977,231.36,6.1,293.76,5.1,0.9479120762150455,3711,6384,266.0,68096,4358144
2.55471,-0.0030086826370097695,2.151495,0.20865480534732342,276.18,5.6,284.09,5.7,0.9210379885097278,3664,6408,267.0,68352,4374528
2.5636337,-0.003162935895379633,2.0259376,0.23260960787534712,280.78,5.5,305.41,5.0,0.9179389055265773,3699,6432,268.0,68608,4390912
2.559573,-0.003275206363759935,2.0893955,0.21363811686635018,279.5,5.5,305.33,4.8,0.9453375935142435,3701,6456,269.0,68864,4407296
2.527286,-0.0037862227228470146,2.338685,0.233714699447155,312.51,4.8,278.63,5.5,0.9159760616758108,3640,6480,270.0,69120,4423680
2.5435472,-0.0031894049560651184,2.2018027,0.2295052707195282,324.06,4.9,264.04,5.9,0.9122920722010378,3669,6504,271.0,69376,4440064
2.5704238,-0.004350901048164815,1.7187654,0.24816540867090225,305.61,4.9,289.47,5.3,0.8354433211534658,3633,6528,272.0,69632,4456448
2.5516334,-0.0038322503492236137,2.1335156,0.26219443008303644,305.93,5.1,316.97,4.8,0.909002126362903,3667,6552,273.0,69888,4472832
2.5760136,-0.0035873254714533687,2.1801596,0.25056596875190734,281.64,5.3,300.94,5.2,0.9455058920983161,3634,6576,274.0,70144,4489216
2.5680993,-0.0043085348512977364,2.1685505,0.27003010734915733,264.71,5.5,290.79,5.3,0.8945330595404635,3686,6600,275.0,70400,4505600
2.5650651,-0.003984430951531976,2.2274034,0.26773835241794586,296.9,5.5,261.52,6.0,0.8997563527981701,3637,6624,276.0,70656,4521984
2.5690708,-0.0036726202396675945,2.2754972,0.27146163329482076,303.65,5.7,264.45,5.9,0.9218226490792645,3661,6648,277.0,70912,4538368
2.5806758,-0.0029011763865128158,1.7955831,0.2853855569660664,272.51,6.1,266.12,5.8,0.9262149888760882,3636,6672,278.0,71168,4554752
2.537243,-0.004049216106068343,2.416681,0.2723470225930214,276.24,5.9,265.15,5.7,0.9366393866809375,3661,6696,279.0,71424,4571136
2.5295331,-0.0044989532860927285,2.5049543,0.24725881829857826,289.46,5.2,270.2,5.8,0.9495616074492388,3615,6720,280.0,71680,4587520
2.551256,-0.0035910189640708267,2.0793927,0.24366514146327972,301.45,4.9,253.12,5.9,0.9174960758496524,3651,6744,281.0,71936,4603904
2.5755386,-0.003388774811755866,2.1363842,0.23516053795814515,283.1,5.3,247.7,5.8,0.918641236982656,3637,6768,282.0,72192,4620288
2.565095,-0.0035639056889340283,2.2675078,0.2494526521861553,292.13,5.2,267.82,5.8,0.9065281746572259,3684,6792,283.0,72448,4636672
2.567599,-0.003723758393898606,1.919543,0.2857276982069015,257.33,6.2,285.6,5.5,0.9108941390954798,3649,6816,284.0,72704,4653056
2.5698266,-0.003435949897393584,1.840178,0.2822727267444134,253.41,6.0,277.69,5.5,0.9229866531792803,3652,6840,285.0,72960,4669440
2.5602329,-0.0035167375416494907,2.2063487,0.3026452846825123,271.57,5.9,267.09,5.6,0.8962450714752634,3671,6864,286.0,73216,4685824
2.5725553,-0.0036223453236743806,1.7519959,0.29872513622045516,240.85,6.5,246.0,6.1,0.9126309365692505,3662,6888,287.0,73472,4702208
2.5524235,-0.003375568757764995,2.1000445,0.27588858976960184,252.26,6.1,229.72,6.6,0.9195049381890001,3656,6912,288.0,73728,4718592
2.5546231,-0.0036777061806060373,2.0245254,0.2695218503475189,276.04,5.6,278.47,5.4,0.8975826221948715,3701,6936,289.0,73984,4734976
2.5213928,-0.0038877699337899686,2.4984343,0.25983339130878447,267.86,5.7,282.65,5.2,0.9234421647153035,3671,6960,290.0,74240,4751360
2.5219545,-0.003886381108313799,2.346265,0.26868262752890587,273.96,5.8,221.08,6.7,0.9253233594767871,3693,6984,291.0,74496,4767744
2.5487442,-0.0038055196334607897,1.8268876,0.2898678082227707,272.63,5.9,232.14,6.5,0.8861972280092536,3708,7008,292.0,74752,4784128
2.5400512,-0.003957575608510524,2.0961998,0.27312118843197825,293.02,5.0,269.05,5.5,0.9398358077470025,3667,7032,293.0,75008,4800512
2.4962947,-0.003784911052789539,2.4090095,0.25674242183566093,280.23,5.5,302.56,4.8,0.9485204162840711,3693,7056,294.0,75264,4816896
2.4563072,-0.003977264589630067,2.8005078,0.22926315233111383,292.46,5.1,288.8,5.3,0.9506199643760949,3628,7080,295.0,75520,4833280
2.4794755,-0.003528123719152063,2.3729634,0.20298603773117066,283.01,5.3,266.52,5.5,0.9305139005587473,3658,7104,296.0,75776,4849664
2.4625232,-0.004031413516495377,2.3333125,0.22606636703014374,250.44,5.8,264.99,5.4,0.908130162998226,3625,7128,297.0,76032,4866048
2.5115898,-0.0036379073071293533,2.080813,0.2170316381007433,260.1,5.6,273.08,5.3,0.9469461912880717,3661,7152,298.0,76288,4882432
2.4890108,-0.0038054513675160706,2.5375078,0.2362456414848566,281.8,5.1,264.75,5.3,0.9228001080936122,3625,7176,299.0,76544,4898816
2.522461,-0.003665147549472749,2.2201972,0.2350596759468317,234.79,6.0,261.55,5.4,0.9334860659178503,3703,7200,300.0,76800,4915200
2.485476,-0.003000772567465901,2.9476998,0.21811062701046466,280.15,5.2,257.67,5.7,0.948163620912267,3646,7224,301.0,77056,4931584
2.5136645,-0.00346847282955423,2.9529464,0.24227541998028757,269.38,5.4,269.92,6.1,0.9383081992095847,3675,7248,302.0,77312,4947968
2.5308945,-0.003215723664034158,2.7559123,0.24783590748906137,271.95,5.6,283.87,5.9,0.9253799075492511,3652,7272,303.0,77568,4964352
2.5274124,-0.0026146574481390418,2.6413736,0.23111551851034165,290.49,5.0,289.36,5.3,0.9578504684285895,3674,7296,304.0,77824,4980736
2.5244422,-0.0029362727748230098,2.449726,0.24136545091867448,293.38,5.2,255.11,5.9,0.9321656455767366,3647,7320,305.0,78080,4997120
2.5546217,-0.00304387936135754,2.1638837,0.22437690541148186,298.59,5.2,261.3,5.8,0.9485840391632954,3695,7344,306.0,78336,5013504
2.5478165,-0.002821124705951661,2.139368,0.2133715744316578,267.36,5.9,258.72,6.1,0.9381778579227152,3651,7368,307.0,78592,5029888
2.5580761,-0.0033231615368276833,2.4335275,0.23661318972706794,239.77,6.4,265.31,5.8,0.9151526322107759,3688,7392,308.0,78848,5046272
2.5905569,-0.003635756329167634,1.790671,0.22822842597961426,289.33,5.3,268.03,5.6,0.9379264281491355,3660,7416,309.0,79104,5062656
2.5561244,-0.003567283407319337,2.2546883,0.2361220534145832,262.48,5.6,292.68,5.2,0.9330321102425887,3635,7440,310.0,79360,5079040
2.5408077,-0.003639027699828148,2.1450448,0.23093504279851915,282.39,5.2,297.07,5.3,0.9312310253910272,3690,7464,311.0,79616,5095424
2.5245883,-0.004247492009308189,2.4023616,0.20420120239257813,277.07,5.4,267.87,5.8,0.9515204577205896,3663,7488,312.0,79872,5111808
2.512876,-0.00410887559177354,2.3470836,0.21095130428671838,277.08,5.3,273.66,5.5,0.9386967014880122,3683,7512,313.0,80128,5128192
2.531159,-0.003611167557537556,2.2165537,0.2204288412630558,281.82,5.8,272.1,5.6,0.9089594372090621,3662,7536,314.0,80384,5144576
2.5240548,-0.003609746207948774,2.583301,0.2316327692568302,299.11,5.4,295.73,5.1,0.9358014378722199,3700,7560,315.0,80640,5160960
2.5247374,-0.003560757793020457,2.5280979,0.2634390068799257,251.97,5.9,302.47,5.1,0.9264891829932322,3656,7584,316.0,80896,5177344
2.5444841,-0.00402750005479902,2.383187,0.2747771252691746,255.89,6.1,296.96,5.2,0.9292923885537381,3693,7608,317.0,81152,5193728
2.5230243,-0.004229983517434448,2.582357,0.2691826683282852,280.52,5.9,262.4,5.8,0.9357295199254099,3660,7632,318.0,81408,5210112
2.5269454,-0.00394595853285864,3.005564,0.2637435865402222,288.03,5.6,278.36,5.2,0.9556255018160908,3698,7656,319.0,81664,5226496
2.539162,-0.0041675866744481024,2.2158759,0.26103569656610487,268.72,5.9,256.99,6.0,0.9380325149742805,3687,7680,320.0,81920,5242880
2.5236347,-0.003501388567965478,2.539025,0.24287975028157235,288.21,5.5,265.32,5.7,0.9478490314548376,3672,7704,321.0,82176,5259264
2.5674396,-0.00320206496398896,2.0382156,0.22358957633376123,295.55,5.1,302.98,5.3,0.961588106820244,3685,7728,322.0,82432,5275648
2.59558,-0.002080004564486444,2.1261425,0.2054216254502535,312.99,4.7,267.32,6.3,0.9479573733477836,3642,7752,323.0,82688,5292032
2.5773842,-0.0028482399135828017,2.3308306,0.18396632470190524,318.82,4.4,282.8,5.9,0.9358571666290854,3693,7776,324.0,82944,5308416
2.5708628,-0.003431922970339656,2.4285257,0.1764265862852335,303.03,4.9,274.54,5.6,0.9452148497046752,3687,7800,325.0,83200,5324800
2.5576992,-0.003504200498573482,2.6148524,0.18292871676385403,261.35,5.7,268.61,5.5,0.9464036704870905,3676,7824,326.0,83456,5341184
2.5556593,-0.003992630676366389,2.7629068,0.18863132566213608,268.16,5.7,281.14,5.5,0.9379558048253203,3676,7848,327.0,83712,5357568
2.485296,-0.004288487115409225,3.3308184,0.20453804656863211,293.43,5.4,317.59,4.6,0.9440823599611442,3639,7872,328.0,83968,5373952
2.5342877,-0.003777363880071789,2.4599926,0.21060231111943722,276.83,5.6,272.44,5.3,0.9514231432452201,3690,7896,329.0,84224,5390336
2.5745912,-0.004166827760636807,2.0965524,0.21894796811044215,276.97,5.4,255.96,5.7,0.9408972664446791,3656,7920,330.0,84480,5406720
2.5660884,-0.004250469054095447,2.4150581,0.22771129585802555,282.53,5.2,292.6,5.1,0.9335166639412417,3649,7944,331.0,84736,5423104
2.56611,-0.004024133535567671,2.4284253,0.21715605415403844,304.37,4.7,257.7,5.8,0.9505861802629114,3691,7968,332.0,84992,5439488
2.5675008,-0.003954691139515489,2.5278795,0.21462314173579217,301.88,4.8,233.28,6.4,0.9426422395468281,3643,7992,333.0,85248,5455872
2.5448213,-0.003090165772009641,2.8007476,0.21132300980389118,323.29,4.4,275.24,5.8,0.9342217140746091,3674,8016,334.0,85504,5472256
2.5371056,-0.00286465167067945,2.2703075,0.2060053189843893,296.99,5.0,262.74,6.0,0.936853158821912,3657,8040,335.0,85760,5488640
2.5396235,-0.003862839713692665,2.6719038,0.22726113192737102,313.29,4.8,287.14,5.4,0.923838807601626,3687,8064,336.0,86016,5505024
2.5519996,-0.003718300787732005,2.643976,0.24950451761484146,299.84,5.3,279.18,5.5,0.9258998260901057,3666,8088,337.0,86272,5521408
2.5256088,-0.004172153947874904,2.518292,0.25135413005948065,294.96,5.3,297.7,4.8,0.9416186149589649,3680,8112,338.0,86528,5537792
2.544402,-0.00466030010022223,2.5075562,0.2956065522134304,260.2,6.1,297.62,5.0,0.9067513371492935,3646,8136,339.0,86784,5554176
2.5365522,-0.004579795044846833,2.6602323,0.28990618258714673,279.97,5.7,273.13,5.6,0.9372395387338681,3676,8160,340.0,87040,5570560
2.5082052,-0.0047847534087486565,2.9930584,0.28056986823678015,259.62,6.4,244.13,6.2,0.9418919879125547,3652,8184,341.0,87296,5586944
2.5096948,-0.004223397755995392,2.64565,0.2658474659919739,260.85,6.1,271.69,5.6,0.9612911056966694,3666,8208,342.0,87552,5603328
2.525396,-0.003637424004264176,2.7540567,0.25318359151482583,270.51,6.1,271.49,5.7,0.922426667415097,3641,8232,343.0,87808,5619712
2.518477,-0.003956922458019108,2.7696216,0.25319879442453386,249.29,6.6,274.74,5.5,0.9257660544019812,3698,8256,344.0,88064,5636096
2.542688,-0.00349162437254563,2.5818267,0.23696253269910814,291.75,5.8,313.17,4.7,0.9492597596445713,3669,8280,345.0,88320,5652480
2.5399802,-0.003465429344214499,2.635407,0.23636409364640712,288.05,5.4,310.61,4.9,0.9492046994541073,3691,8304,346.0,88576,5668864
2.5134645,-0.0037877968046814204,2.8471117,0.23464278884232045,266.71,5.9,235.05,6.5,0.934184448750218,3675,8328,347.0,88832,5685248
2.5233943,-0.003309824347961694,2.8309348,0.2027370047569275,276.23,5.6,286.25,5.4,0.9632211453672626,3648,8352,348.0,89088,5701632
2.568947,-0.0038278275914490224,2.6570127,0.21056796744465828,291.97,5.2,220.04,6.3,0.945151363310095,3679,8376,349.0,89344,5718016
2.57378,-0.0037020687852054833,2.2620738,0.22152713179588318,282.11,5.5,237.21,6.3,0.9450456616947788,3654,8400,350.0,89600,5734400
2.5386753,-0.004195333351381123,2.917738,0.19234694771468638,281.88,5.5,287.0,5.4,0.9636739144806964,3686,8424,351.0,89856,5750784
2.5561957,-0.00396839115768671,3.0040941,0.20672427661716938,307.03,5.0,279.86,5.3,0.9438612807520295,3687,8448,352.0,90112,5767168
2.5533254,-0.004300192976370454,2.6760237,0.22403150901198388,261.91,6.2,280.99,5.4,0.9373686146394422,3662,8472,353.0,90368,5783552
2.593544,-0.00443600423168391,2.5175145,0.22278780341148377,269.5,6.0,283.19,5.4,0.9381143580153982,3677,8496,354.0,90624,5799936
2.5885048,-0.003901625112630427,2.8330946,0.24609064012765886,266.22,6.2,289.18,5.4,0.9394457474982939,3628,8520,355.0,90880,5816320
2.6038353,-0.00420063657220453,2.2304413,0.2580305008590221,268.51,5.8,285.52,5.5,0.9184139517073626,3668,8544,356.0,91136,5832704
2.5717103,-0.0036403207643888893,3.3524308,0.23154649175703526,275.86,5.4,286.44,5.3,0.9593126719817956,3630,8568,357.0,91392,5849088
2.577812,-0.004189472983125597,3.4094238,0.21867124550044537,274.62,5.3,281.06,5.5,0.9640107828524797,3675,8592,358.0,91648,5865472
2.5526605,-0.004153783046640456,3.2774923,0.24082467280328274,261.83,6.0,236.01,6.5,0.9186141658157438,3644,8616,359.0,91904,5881856
2.5397274,-0.00382827234454453,3.0417557,0.2284650618582964,288.83,5.3,240.35,6.5,0.9483464896393363,3696,8640,360.0,92160,5898240
2.5509486,-0.004007450174540282,2.855703,0.23846900954842568,327.65,4.6,290.79,5.5,0.9471361040812881,3663,8664,361.0,92416,5914624
2.5682015,-0.0037521192734129728,2.730325,0.28179569363594054,243.72,6.1,297.17,5.2,0.9186876742773183,3687,8688,362.0,92672,5931008
2.549689,-0.003655003244057298,3.190584,0.23674688406288624,254.68,5.7,295.02,5.2,0.9659452554443646,3667,8712,363.0,92928,5947392
2.543898,-0.0038583926763385533,3.298561,0.22279100492596626,282.02,5.4,292.63,5.5,0.9643266397405774,3674,8736,364.0,93184,5963776
2.5583184,-0.0035433352552354334,2.8229532,0.2249935431778431,247.92,6.1,281.15,5.9,0.9520240030847791,3614,8760,365.0,93440,5980160
2.5554726,-0.003533520745113492,2.7750332,0.17312661692500114,262.98,5.9,309.56,5.8,0.9737397966428147,3661,8784,366.0,93696,5996544
2.5492892,-0.0031494948640465735,3.2735882,0.19620091661810876,279.78,5.5,295.37,5.6,0.9413313544487252,3635,8808,367.0,93952,6012928
2.5273972,-0.0035941783431917428,3.4690104,0.20467479407787323,253.6,5.9,256.59,5.7,0.952679178506443,3638,8832,368.0,94208,6029312
2.560743,-0.00425606899894774,2.9328785,0.21172565907239915,276.85,5.6,217.91,6.8,0.9463362221435365,3674,8856,369.0,94464,6045696
2.5795298,-0.0036806465080007913,2.7033002,0.2567860186845064,265.09,6.1,241.82,6.5,0.9163865329660201,3649,8880,370.0,94720,6062080
2.5787666,-0.0030471822852268815,2.8836544,0.2427365118265152,265.89,6.0,258.56,6.0,0.9530571682088953,3669,8904,371.0,94976,6078464
2.596406,-0.002943455628119409,2.7728355,0.23499073952436447,260.2,5.7,258.35,5.8,0.9524357021712433,3641,8928,372.0,95232,6094848
2.5685592,-0.0032865707390010357,3.4601755,0.23258160874247552,302.84,5.0,298.05,5.1,0.9457772216489184,3678,8952,373.0,95488,6111232
2.5980704,-0.003479533097706735,2.8356674,0.1955224175006151,267.54,5.7,298.07,5.2,0.9557601319618577,3644,8976,374.0,95744,6127616
2.5824068,-0.003937463238835335,2.733813,0.19980558671057225,284.46,5.4,256.38,6.0,0.9311779153550953,3622,9000,375.0,96000,6144000
2.5874512,-0.004013027602341026,2.8025784,0.20329017259180546,264.92,5.8,244.18,6.1,0.9385573562340565,3584,9024,376.0,96256,6160384
2.6052363,-0.004065885131713003,2.450286,0.1808899675309658,268.67,6.0,282.52,5.3,0.964938491612997,3652,9048,377.0,96512,6176768
2.5997267,-0.004575226453598588,2.193549,0.19444997079670429,243.43,6.4,287.15,5.2,0.9406338375521281,3662,9072,378.0,96768,6193152
2.607509,-0.004357729263138026,2.310276,0.18600700698792935,241.28,6.3,270.54,5.8,0.9524910168374978,3637,9096,379.0,97024,6209536
2.5879235,-0.0036957832844927907,3.0792212,0.16310891427099705,288.76,5.1,261.3,6.1,0.973846088167833,3691,9120,380.0,97280,6225920
2.5629594,-0.004324177384842187,3.3965216,0.16770362071692943,226.24,6.4,243.99,6.3,0.9659036646600772,3628,9144,381.0,97536,6242304
2.5510385,-0.0032742904801853,3.0792246,0.16662285022437573,243.63,6.0,255.21,6.0,0.952008013708582,3655,9168,382.0,97792,6258688
2.576292,-0.003476409933064133,2.6295748,0.18113138161599637,279.28,5.5,278.04,5.5,0.9407745897178035,3622,9192,383.0,98048,6275072
2.592028,-0.002976274697575718,2.3880312,0.2061709988862276,272.03,5.8,263.27,5.8,0.9394874419261625,3663,9216,384.0,98304,6291456
2.58471,-0.003286954304203391,2.3505414,0.20005942970514298,274.49,5.4,259.75,6.1,0.9619921570919859,3672,9240,385.0,98560,6307840
2.5950913,-0.003237810106948018,2.3384535,0.19427128300070762,276.63,5.6,240.93,6.3,0.9559753217597301,3709,9264,386.0,98816,6324224
2.5701225,-0.004045354146510363,2.6498094,0.168463196977973,251.34,5.9,248.81,6.0,0.9655546919498689,3635,9288,387.0,99072,6340608
2.576913,-0.004083230495452881,2.6194763,0.15827379129827024,264.78,6.0,267.4,5.4,0.9514075882051516,3684,9312,388.0,99328,6356992
2.568695,-0.004115304434671998,2.6060019,0.1799386729300022,249.82,6.4,233.83,6.2,0.9467596233958454,3658,9336,389.0,99584,6373376
2.5743823,-0.004706766819581389,2.1148906,0.16748388439416886,279.89,5.6,262.54,5.7,0.9706631093089998,3682,9360,390.0,99840,6389760
2.5679004,-0.004986175177618861,2.795583,0.1662478344887495,338.03,4.6,236.21,6.5,0.9637899348212013,3639,9384,391.0,100096,6406144
2.5502987,-0.005106936069205403,2.8428237,0.1584506319463253,306.97,4.7,273.09,5.2,0.9635906204359141,3675,9408,392.0,100352,6422528
2.532499,-0.0045067247608676555,2.83688,0.18080595433712005,254.11,6.0,315.77,4.4,0.9286033790791971,3652,9432,393.0,100608,6438912
2.497861,-0.00455533109139651,3.5603619,0.20809911087155342,272.16,5.8,252.94,5.8,0.9433542577486137,3692,9456,394.0,100864,6455296
2.524357,-0.004551031333394348,3.1416879,0.22285184912383557,278.38,5.5,251.4,6.3,0.9590696687336654,3641,9480,395.0,101120,6471680
2.5406077,-0.004122727117501199,2.690589,0.2465360240638256,283.89,5.5,280.88,5.8,0.9302136766310423,3652,9504,396.0,101376,6488064
2.5547006,-0.004174514524638653,2.750414,0.2626466528326273,262.41,5.9,269.14,5.6,0.909689008972034,3631,9528,397.0,101632,6504448
2.5190363,-0.004578797547146678,3.4638693,0.2522404494136572,238.96,6.4,254.36,6.0,0.947536946649201,3690,9552,398.0,101888,6520832
2.5552514,-0.0038593526324257254,2.68994,0.2837324257194996,222.52,6.8,277.74,5.4,0.9159395607563916,3696,9576,399.0,102144,6537216
2.554971,-0.004246649339329452,2.8305078,0.2711056040227413,266.04,6.0,290.54,5.3,0.9534473339599876,3667,9600,400.0,102400,6553600
2.5402055,-0.0040961784403771165,2.9974496,0.23258601352572442,269.8,5.5,268.49,6.1,0.9633187926269341,3704,9624,401.0,102656,6569984
2.559684,-0.003837343384511769,2.31976,0.24200849279761313,233.74,6.7,238.93,6.3,0.9334142372322867,3676,9648,402.0,102912,6586368
2.547463,-0.004153053271584213,2.8357525,0.20834687620401382,244.67,6.2,285.26,5.3,0.9542937307230767,3703,9672,403.0,103168,6602752
2.5147796,-0.00434556478401646,3.2768927,0.2207215392589569,278.32,5.4,286.49,5.2,0.942670943746859,3681,9696,404.0,103424,6619136
2.498997,-0.004279839573428035,3.690483,0.25689020574092863,293.16,5.2,254.96,6.2,0.9360780495434471,3646,9720,405.0,103680,6635520
2.5664747,-0.004202979258261621,2.3892627,0.264146476238966,248.55,6.0,273.67,6.2,0.9314467835317879,3690,9744,406.0,103936,6651904
2.560228,-0.004463208396919072,2.8900352,0.27530367210507395,258.43,5.9,296.04,5.6,0.9449959441758399,3630,9768,407.0,104192,6668288
2.5485322,-0.004296743569429964,3.0493746,0.2566947764158249,271.82,5.8,276.4,5.6,0.9661950717293128,3655,9792,408.0,104448,6684672
2.5284722,-0.0050926100905053315,3.0770934,0.22149604812264442,254.03,6.1,246.49,6.1,0.959576699354385,3633,9816,409.0,104704,6701056
2.5291762,-0.003934286390431225,2.5116565,0.208071498721838,275.58,5.9,247.85,6.1,0.9461951756961529,3686,9840,410.0,104960,6717440
2.5355415,-0.004630502425134182,2.507535,0.20521856650710105,273.09,5.7,264.21,5.8,0.9457425832287017,3662,9864,411.0,105216,6733824
2.513769,-0.004185738277155906,3.2966793,0.20807088017463685,253.01,6.0,272.54,5.6,0.9608072146384218,3708,9888,412.0,105472,6750208
2.5473742,-0.003445053824689239,2.8791509,0.22796551436185836,235.43,6.5,265.15,6.0,0.943406154240471,3671,9912,413.0,105728,6766592
2.5202389,-0.004823888349346816,3.2786534,0.23801789417862892,224.14,6.3,255.84,6.4,0.9377036586184511,3699,9936,414.0,105984,6782976
2.5434263,-0.004086974479723722,3.1812875,0.2353300240635872,273.28,5.2,271.01,5.7,0.9443515336810321,3666,9960,415.0,106240,6799360
2.524831,-0.004257568223401904,3.0856693,0.2437930080294609,315.31,4.7,271.91,5.6,0.9343835474494899,3686,9984,416.0,106496,6815744
2.5186245,-0.005233776853419841,3.3347564,0.26311334982514384,276.54,5.5,232.05,6.1,0.9281479779872768,3656,10008,417.0,106752,6832128
2.5654933,-0.004446630126331001,2.4031317,0.25005420595407485,235.66,6.3,252.52,6.0,0.9520035350094628,3657,10032,418.0,107008,6848512
2.5553355,-0.004518325002864003,3.1762774,0.23682501286268234,231.73,6.0,223.25,6.8,0.9499792321368634,3703,10056,419.0,107264,6864896
2.5538979,-0.0041881314129568635,3.0463674,0.21672768108546733,250.82,5.8,243.82,6.2,0.9646482189613148,3659,10080,420.0,107520,6881280
2.5746455,-0.0038828308251686395,2.2961326,0.1858012353628874,307.99,4.7,239.84,5.9,0.9385133692281712,3706,10104,421.0,107776,6897664
2.5636718,-0.004201354912947863,2.7389307,0.17514685086905957,296.16,4.9,240.89,6.0,0.9570415326793553,3665,10128,422.0,108032,6914048
2.5677443,-0.004363225696142763,2.285047,0.199017880782485,246.54,6.0,241.74,6.0,0.9283175357819629,3699,10152,423.0,108288,6930432
2.5832307,-0.005742089040577412,2.3076494,0.2059498029947281,260.15,5.6,234.17,6.4,0.94724158205277,3650,10176,424.0,108544,6946816
2.581658,-0.005132355920504778,2.7420523,0.21351401694118977,291.01,4.9,256.87,6.0,0.9384175100222587,3699,10200,425.0,108800,6963200
2.5787284,-0.0054120788746513425,3.0124912,0.20873296298086644,226.79,6.2,281.32,5.5,0.9589805472062993,3623,10224,426.0,109056,6979584
2.585401,-0.0055798069993034,2.4399536,0.2211035390943289,205.33,7.0,236.37,6.7,0.9319759654739632,3681,10248,427.0,109312,6995968
2.6045034,-0.004893932701088488,2.1147666,0.20540758021175862,238.75,6.3,256.43,5.7,0.9602672438913198,3631,10272,428.0,109568,7012352
2.5921147,-0.005921368594281376,2.507165,0.21641275003552438,284.43,5.4,252.03,6.0,0.9258286304406972,3676,10296,429.0,109824,7028736
2.5944674,-0.004762974025215954,2.3810406,0.22390900686383247,258.22,5.9,245.22,6.1,0.9392615596611262,3642,10320,430.0,110080,7045120
2.568571,-0.005124262848403305,2.8350708,0.20147090047597885,250.14,5.7,213.52,6.6,0.9457597037527514,3690,10344,431.0,110336,7061504
2.5667865,-0.004943223926238716,2.9446802,0.20849409729242324,278.63,5.4,196.61,7.3,0.9549215978670935,3655,10368,432.0,110592,7077888
2.5679283,-0.004744184038136154,2.636306,0.2339995250105858,283.47,5.5,234.32,6.3,0.9155799584748655,3700,10392,433.0,110848,7094272
2.533224,-0.004754089266061783,3.2366493,0.2298245457559824,263.12,5.7,267.64,5.5,0.9448536490581069,3683,10416,434.0,111104,7110656
2.5547402,-0.00484775107819587,2.8865728,0.24329225428402423,262.18,5.7,244.23,6.6,0.9303061858031716,3629,10440,435.0,111360,7127040
2.5616698,-0.004148982055485248,2.408315,0.22778321981430052,279.89,5.3,244.85,6.5,0.9602976817694764,3685,10464,436.0,111616,7143424
2.5458128,-0.004916167198680341,2.7128794,0.21792016923427582,291.9,4.9,215.53,7.1,0.9300358201794463,3627,10488,437.0,111872,7159808
2.5618095,-0.004636311852373183,2.460965,0.21893961988389493,263.46,5.7,237.17,6.6,0.9492696466956483,3658,10512,438.0,112128,7176192
2.566874,-0.004930972629226744,2.3135343,0.226053678765893,293.18,5.2,276.13,5.7,0.914868978726599,3660,10536,439.0,112384,7192576
2.581127,-0.005146567584015429,2.676796,0.2569002493470907,262.22,5.9,284.62,5.2,0.9202600767899733,3647,10560,440.0,112640,7208960
2.5833733,-0.004836790258996189,2.4220772,0.25809406250715256,212.14,6.8,229.01,6.7,0.9356442659873974,3698,10584,441.0,112896,7225344
2.5757527,-0.004198745605535805,2.1711335,0.25279802963137626,218.2,6.8,223.82,6.8,0.9430960094154606,3646,10608,442.0,113152,7241728
2.5215313,-0.004356936444528401,3.28842,0.23767303198575973,269.34,5.8,224.66,6.4,0.9478156289921369,3659,10632,443.0,113408,7258112
2.5331392,-0.005332172270864248,2.749078,0.21773264274001122,300.33,5.2,234.65,6.2,0.9520270915375533,3619,10656,444.0,113664,7274496
2.5765572,-0.004387987842783332,2.016312,0.2045877206325531,292.26,5.1,233.89,6.2,0.9451791759859187,3671,10680,445.0,113920,7290880
2.5773256,-0.004823048347607255,2.1276782,0.20856726825237273,271.73,5.3,269.61,5.7,0.92991899915785,3648,10704,446.0,114176,7307264
2.5350738,-0.004129524268209934,2.5859685,0.21422253385186196,288.0,5.2,278.64,5.3,0.9388813043115197,3674,10728,447.0,114432,7323648
2.5510924,-0.004793183971196413,2.1706555,0.21343145966529847,248.15,6.2,286.66,5.1,0.9436814393721699,3625,10752,448.0,114688,7340032
2.5462382,-0.00476440922357142,2.9240406,0.2299163070321083,244.63,6.2,271.56,5.4,0.9313714868752889,3658,10776,449.0,114944,7356416
2.554979,-0.00416708012809977,2.8056936,0.2542663308978081,237.94,6.6,256.4,5.9,0.9287477460325997,3615,10800,450.0,115200,7372800
2.567099,-0.004690345607232302,2.725043,0.2558114264905453,225.27,6.5,245.94,6.0,0.9443563278770053,3694,10824,451.0,115456,7389184
2.57132,-0.004084315446671098,2.4202452,0.24328439988195896,265.34,5.6,235.83,6.5,0.9634975286146126,3665,10848,452.0,115712,7405568
2.5561876,-0.00434976649004966,2.6161253,0.2483122543245554,232.91,6.2,244.62,6.3,0.9317421112860461,3692,10872,453.0,115968,7421952
2.580681,-0.005324507250916213,1.9479522,0.21051509246230127,266.33,5.6,232.76,6.3,0.9626981125294589,3667,10896,454.0,116224,7438336
2.5833914,-0.004813928571529687,2.172583,0.2003853887319565,226.48,6.3,247.89,6.3,0.9455960830447107,3693,10920,455.0,116480,7454720
2.5510302,-0.00489795055706054,3.0122688,0.20352862015366555,247.59,5.6,272.73,5.9,0.9529477237421391,3654,10944,456.0,116736,7471104
2.5850272,-0.0045081203524023295,2.2222276,0.17215921066701412,241.76,5.9,243.58,6.4,0.9641366675654963,3654,10968,457.0,116992,7487488
2.5382466,-0.004648552676662802,3.0543492,0.19409614101052283,267.92,5.4,269.87,5.8,0.9399010051395925,3681,10992,458.0,117248,7503872
2.5206168,-0.004243534489069134,2.9624252,0.18795861855149268,281.17,5.4,252.53,6.1,0.9601149619842646,3645,11016,459.0,117504,7520256
2.523137,-0.004366298639215529,2.84908,0.20182137161493302,307.85,4.7,250.13,6.0,0.9334968970339448,3657,11040,460.0,117760,7536640
2.5417404,-0.004113244211766869,2.861253,0.22418710947036743,289.3,5.3,260.69,5.9,0.9488205030906359,3613,11064,461.0,118016,7553024
2.5380595,-0.005336838660296053,2.5711324,0.2527706645429134,234.13,6.5,224.79,6.6,0.9165123494026538,3663,11088,462.0,118272,7569408
2.534523,-0.0052037298423238095,2.4822826,0.25149466797709463,238.06,6.3,242.98,6.3,0.9539177975868463,3640,11112,463.0,118528,7585792
2.486077,-0.004193712212145329,2.8499777,0.2587852618098259,233.66,6.2,244.97,6.3,0.936691982029085,3690,11136,464.0,118784,7602176
2.5078738,-0.004091332992538809,2.8570597,0.25299342662096025,232.35,6.4,252.44,6.3,0.9512109419223982,3647,11160,465.0,119040,7618560
2.5100665,-0.004508561240509152,2.4985,0.235058746188879,250.81,6.1,235.68,6.4,0.9352768162835625,3694,11184,466.0,119296,7634944
2.5296152,-0.003958466348703951,2.3388839,0.2267874537408352,230.4,6.4,227.59,6.3,0.953881850038653,3628,11208,467.0,119552,7651328
2.5256488,-0.0037419328186661005,2.4789937,0.22772755846381187,237.86,5.9,238.76,6.1,0.9318212548209972,3682,11232,468.0,119808,7667712
2.5414615,-0.004738548882305622,2.4715927,0.2422119729220867,254.58,6.0,274.48,5.5,0.9201068513047985,3649,11256,469.0,120064,7684096
2.4958496,-0.004492117734625936,2.6713476,0.2158181931823492,244.73,6.2,264.03,5.5,0.9504880140965306,3693,11280,470.0,120320,7700480
2.4961007,-0.004977528175804764,3.243189,0.22143125407397746,246.51,6.1,256.52,5.8,0.9389879632188187,3673,11304,471.0,120576,7716864
2.518288,-0.00481034025317058,3.1022189,0.1972802672535181,248.0,5.8,287.31,5.3,0.9610739186246188,3655,11328,472.0,120832,7733248
2.5064187,-0.005233594509772957,3.00157,0.17171744756400587,254.01,5.7,256.08,6.2,0.9552740334408846,3666,11352,473.0,121088,7749632
2.5062284,-0.0042045493819750845,2.7668614,0.19873351335525513,227.78,6.4,268.63,5.9,0.9256778247997594,3641,11376,474.0,121344,7766016
2.5371344,-0.004361861512297765,2.3843756,0.19375229939818384,245.41,5.7,293.44,5.3,0.9427360536033924,3686,11400,475.0,121600,7782400
2.5276597,-0.004250854075653478,2.7066975,0.2167768244445324,280.91,5.1,245.78,6.4,0.9374140842982587,3642,11424,476.0,121856,7798784
2.5402186,-0.0034663827379699795,2.404002,0.2391116712987423,255.53,6.2,257.12,5.9,0.9289396735846793,3689,11448,477.0,122112,7815168
2.554685,-0.004056437757099047,2.294142,0.24750371590256692,250.45,6.3,265.56,5.8,0.9007159800758965,3657,11472,478.0,122368,7831552
2.5502186,-0.004407270641531795,2.444786,0.2626638665795326,232.83,6.5,222.12,6.8,0.9343546738740632,3677,11496,479.0,122624,7847936
2.5273864,-0.00435250464361161,2.517576,0.24876406729221345,257.39,5.8,246.84,6.1,0.9437619559343928,3657,11520,480.0,122880,7864320
2.539151,-0.004213594137690961,2.361934,0.23976342841982842,242.05,6.1,269.2,5.5,0.9412900539171909,3686,11544,481.0,123136,7880704
2.4823518,-0.004499209560453892,3.2356563,0.2218243557214737,223.53,6.5,225.93,6.4,0.9383725106677694,3644,11568,482.0,123392,7897088
2.5157347,-0.005330182272009551,3.0717976,0.23007966607809066,237.2,6.2,221.1,6.6,0.9089333620479964,3690,11592,483.0,123648,7913472
2.5454185,-0.004498056077864021,2.931097,0.25124577090144157,227.51,6.7,219.37,6.3,0.9314974192405265,3633,11616,484.0,123904,7929856
2.5726767,-0.004732536559458822,2.3005805,0.24795938089489936,240.37,6.2,229.62,6.3,0.9497003813021009,3651,11640,485.0,124160,7946240
2.5363731,-0.005303720289375633,2.7324145,0.24680569469928743,254.98,6.0,226.58,6.2,0.9330057402364328,3644,11664,486.0,124416,7962624
2.529645,-0.004958513510646298,3.1387272,0.2257619495689869,245.22,6.0,232.52,6.2,0.9521200662787589,3629,11688,487.0,124672,7979008
2.5617244,-0.004145378990797326,2.5514996,0.2190531910955906,266.61,5.8,248.51,5.9,0.9278420080311414,3657,11712,488.0,124928,7995392
2.555989,-0.0037441635888535527,2.6849158,0.25282639771699905,254.13,6.2,220.23,6.4,0.9068760792311386,3663,11736,489.0,125184,8011776
2.5510404,-0.004051851538242772,3.0350251,0.2577893820405006,272.42,5.9,211.02,6.6,0.9500137428562769,3647,11760,490.0,125440,8028160
2.517888,-0.004198129347059876,3.5213706,0.2830037599802017,255.2,6.0,241.45,6.3,0.9317931466877895,3699,11784,491.0,125696,8044544
2.5223775,-0.004118600946385414,3.0656366,0.2830648086965084,227.54,6.3,250.86,6.2,0.9356561222380971,3664,11808,492.0,125952,8060928
2.5451674,-0.004445039504207671,2.8478146,0.254318887591362,232.55,6.2,247.45,5.9,0.937801940656119,3688,11832,493.0,126208,8077312
2.5434854,-0.004381984763313085,2.891817,0.24146148800849915,245.34,5.6,226.0,6.3,0.9518743589071248,3695,11856,494.0,126464,8093696
2.5366912,-0.00479681919561699,3.439072,0.2149441508203745,266.34,5.5,268.97,5.4,0.9491941064377667,3661,11880,495.0,126720,8110080
2.5688555,-0.0036400054325349627,2.953986,0.18477414056658745,248.8,5.8,274.64,5.3,0.9696785618575156,3693,11904,496.0,126976,8126464
2.564316,-0.0035658583440817894,2.483643,0.1940091371536255,244.55,6.1,256.5,5.9,0.9253785849163614,3644,11928,497.0,127232,8142848
2.536754,-0.003993510778527707,2.7562373,0.2001709358394146,227.03,6.5,236.1,6.4,0.9336758854589776,3686,11952,498.0,127488,8159232
2.5831692,-0.0047920664306730035,2.6027715,0.19790597699582577,212.09,6.5,216.51,6.9,0.9622639755233688,3650,11976,499.0,127744,8175616
2.58734,-0.004652132967021316,3.2416925,0.20062644429504872,226.82,6.0,263.11,6.1,0.9658384462522661,3707,12000,500.0,128000,8192000
2.5933073,-0.004667842935305089,2.8208015,0.21534465946257114,257.5,5.7,238.33,6.4,0.9323286806115026,3658,12024,501.0,128256,8208384
2.5689673,-0.005565538152586669,3.0997033,0.23276289843022824,218.34,6.8,196.08,6.8,0.9214085681730959,3701,12048,502.0,128512,8224768
2.5644693,-0.005550376360770315,2.9643798,0.2510121511667967,239.66,5.8,245.79,6.1,0.9305668718882429,3637,12072,503.0,128768,8241152
2.5880756,-0.00519307711860165,2.5665138,0.29196039244532584,252.63,6.3,283.98,5.5,0.9021331065194448,3709,12096,504.0,129024,8257536
2.5800264,-0.005055549303069711,2.8393884,0.2728229033946991,232.19,6.4,284.07,5.5,0.9488093260227645,3634,12120,505.0,129280,8273920
2.6035047,-0.004259370397776365,2.287778,0.2502672474086285,234.74,6.1,263.62,5.8,0.9379174451760067,3671,12144,506.0,129536,8290304
2.6031075,-0.005052256917115301,2.6552985,0.24905158713459968,241.41,6.1,274.02,5.8,0.9193521324081982,3659,12168,507.0,129792,8306688
2.574126,-0.004006996271200478,2.802105,0.2159342522919178,233.97,6.4,271.4,5.8,0.9618509063780574,3711,12192,508.0,130048,8323072
2.5542133,-0.005025838129222393,3.0513344,0.19715720281004906,227.68,6.4,259.43,6.0,0.9710760374750445,3647,12216,509.0,130304,8339456
2.5585425,-0.005229369183070958,3.07685,0.20705178812146185,249.83,6.2,259.02,5.8,0.9437363270385289,3663,12240,510.0,130560,8355840
2.5492446,-0.004758757380768657,3.1505644,0.19957635954022407,251.54,6.2,291.06,5.3,0.9444545559285369,3645,12264,511.0,130816,8372224
2.575728,-0.004627494728192687,3.075307,0.21199706420302392,238.79,6.2,317.18,4.9,0.9361656909709515,3655,12288,512.0,131072,8388608
2.5483987,-0.004623076096177101,3.1231256,0.23504499182105065,219.28,6.9,218.31,6.5,0.9457416727070131,3625,12312,513.0,131328,8404992
2.5342715,-0.004234677460044622,3.180588,0.23348992735147475,238.47,6.5,258.29,5.7,0.953505892726692,3655,12336,514.0,131584,8421376
2.528022,-0.004124159263446927,3.6179092,0.2417152391374111,225.84,6.7,283.32,5.2,0.9378697111226358,3623,12360,515.0,131840,8437760
2.5264032,-0.005235051559284329,3.5145054,0.23342334926128389,241.99,6.4,195.71,6.9,0.9563253560691297,3698,12384,516.0,132096,8454144
2.5656044,-0.005744048827327788,3.148119,0.23105496153235436,212.09,6.8,185.4,7.2,0.9432038004856271,3638,12408,517.0,132352,8470528
2.5271542,-0.005287448549643159,3.7081225,0.22117336928844453,202.3,7.1,223.32,6.5,0.9573867326859191,3674,12432,518.0,132608,8486912
2.52544,-0.005638678013347089,3.8025773,0.22683338016271593,210.94,7.0,198.53,7.0,0.941487101378647,3634,12456,519.0,132864,8503296
2.533924,-0.0058547650836408135,3.5371728,0.22556366115808488,159.84,8.0,202.47,6.7,0.9544261201217356,3669,12480,520.0,133120,8519680
2.5560665,-0.004627301627770066,2.9731305,0.24148980721831323,214.4,6.8,210.22,6.8,0.9292307013657249,3626,12504,521.0,133376,8536064
2.5831988,-0.005240416396409273,2.5495,0.24244855910539628,246.32,6.1,246.39,5.9,0.948767087404103,3665,12528,522.0,133632,8552448
2.5678437,-0.005301712623331695,3.0689237,0.2067124554514885,222.36,6.4,233.93,6.5,0.9718758061988237,3623,12552,523.0,133888,8568832
2.572935,-0.004885540229734034,3.3633022,0.239083349108696,216.02,6.7,194.78,7.0,0.9140756094673527,3655,12576,524.0,134144,8585216
2.5629444,-0.004779219885822385,3.25804,0.22285714715719224,195.02,7.1,229.39,6.2,0.9464936480553112,3631,12600,525.0,134400,8601600
2.5461946,-0.0055419796891510486,3.4072175,0.23398734807968138,217.88,6.3,236.54,6.2,0.939570410084069,3677,12624,526.0,134656,8617984
2.5636942,-0.005410807125736028,3.3186195,0.2366829216480255,226.4,6.8,230.36,6.4,0.964638531844456,3618,12648,527.0,134912,8634368
2.5393906,-0.004896087893284857,3.900162,0.21887505248188974,246.23,5.8,253.7,6.0,0.9489473064424198,3659,12672,528.0,135168,8650752
2.5132027,-0.004932143990881741,3.5932467,0.23115362390875815,170.89,7.4,228.99,6.5,0.9398004090982099,3619,12696,529.0,135424,8667136
2.5217626,-0.004332452032249421,3.3887806,0.22701677531003953,234.5,6.1,205.41,6.8,0.9489796306887386,3621,12720,530.0,135680,8683520
2.5215142,-0.004301108645740896,3.4482093,0.24893312841653825,231.78,6.2,184.94,7.1,0.9444015350663714,3662,12744,531.0,135936,8699904
2.565731,-0.0043698163004592065,2.984251,0.2711941604316235,185.83,7.3,226.89,6.2,0.9311333435178346,3622,12768,532.0,136192,8716288
2.5519369,-0.004908091835677624,3.713268,0.27586647495627403,212.49,6.8,209.92,6.7,0.9264236801042829,3663,12792,533.0,136448,8732672
2.5813477,-0.005707164024934173,2.8165967,0.26709118589758873,197.3,7.2,214.01,6.7,0.9503491594415064,3614,12816,534.0,136704,8749056
2.5694742,-0.005814563548192382,3.14807,0.2627263471484184,208.96,7.1,262.74,5.6,0.9443069634068476,3653,12840,535.0,136960,8765440
2.559652,-0.005180072817020118,3.292249,0.24951081484556198,195.22,6.9,240.44,6.0,0.9435886495245037,3618,12864,536.0,137216,8781824
2.5462987,-0.004947765446268022,3.1959968,0.2375255487859249,221.96,6.5,235.38,6.0,0.9381227906410085,3639,12888,537.0,137472,8798208
2.4938993,-0.0043676809035241605,3.4254398,0.2572705984115601,234.95,6.4,271.82,5.2,0.9320317557368883,3615,12912,538.0,137728,8814592
2.4971445,-0.0045059842010959986,3.4786866,0.3013449490070343,207.22,7.1,221.02,6.2,0.9133067966079924,3642,12936,539.0,137984,8830976
2.5485,-0.004167563989758491,2.9749901,0.2970950949192047,189.12,7.3,266.67,5.3,0.9475215155610397,3660,12960,540.0,138240,8847360
2.5331495,-0.004833678286522627,3.5431736,0.29328316673636434,215.06,6.5,271.7,5.4,0.9457699760478517,3651,12984,541.0,138496,8863744
2.5367045,-0.004539941034745425,3.3910692,0.2998278741538525,232.61,6.4,201.42,6.9,0.9102599533531457,3699,13008,542.0,138752,8880128
2.5570982,-0.004794712096918374,2.8621156,0.29859755784273145,205.36,7.0,225.45,6.7,0.906934766969876,3656,13032,543.0,139008,8896512
2.5705976,-0.004238670701161027,3.0774982,0.2809908203780651,215.13,6.7,210.97,6.8,0.9469937515225537,3683,13056,544.0,139264,8912896
2.556647,-0.005523315598256886,3.643291,0.2778038002550602,232.67,6.2,208.43,6.8,0.9482031581175213,3704,13080,545.0,139520,8929280
2.5605993,-0.004903487192932516,2.7248147,0.2443265115469694,214.19,6.9,206.54,6.8,0.9589228455514636,3661,13104,546.0,139776,8945664
2.5719242,-0.005732669017743319,2.7968411,0.2244270408898592,230.28,6.7,234.39,6.3,0.9254588158321863,3697,13128,547.0,140032,8962048
2.5745401,-0.00536559924017638,2.8038545,0.21763291619718075,174.95,7.3,234.08,6.3,0.94901011625746,3671,13152,548.0,140288,8978432
2.5254595,-0.004721556706354022,3.0769808,0.22645524300634862,237.03,6.1,211.69,6.7,0.9398729182132186,3689,13176,549.0,140544,8994816
2.4851193,-0.00430846989620477,3.6862936,0.22811365216970445,211.43,6.7,192.83,7.0,0.9563956444590408,3630,13200,550.0,140800,9011200
2.4662106,-0.004786624885164201,4.659036,0.2240344525873661,240.55,6.0,203.39,6.8,0.9470354690933048,3659,13224,551.0,141056,9027584
2.509577,-0.004919240712188184,3.7634175,0.2673810537159443,168.17,7.7,225.48,6.3,0.9157416958068977,3625,13248,552.0,141312,9043968
2.4417229,-0.004352866192348302,4.649885,0.28800408691167834,211.79,7.0,217.46,6.5,0.9357687335692255,3671,13272,553.0,141568,9060352
2.5275111,-0.0040274718729779125,3.8361993,0.29800926595926286,209.44,7.1,233.91,6.5,0.9447740919737172,3658,13296,554.0,141824,9076736
2.531433,-0.0045218386407941576,3.8675525,0.2987454552948475,226.09,6.6,226.1,6.4,0.9368646478594458,3711,13320,555.0,142080,9093120
2.5768013,-0.003836350473575294,2.9737108,0.2771847009658813,233.03,6.1,197.19,7.2,0.9272540732486305,3620,13344,556.0,142336,9109504
2.563835,-0.005038657535333186,3.1244512,0.24915180027484893,229.97,6.4,238.96,6.7,0.9423685420911357,3657,13368,557.0,142592,9125888
2.5811272,-0.004623599566984922,3.1082048,0.2335961690545082,225.93,6.3,256.32,6.2,0.9612515559673417,3626,13392,558.0,142848,9142272
2.5790942,-0.0043056301190517845,3.108944,0.23393252611160278,238.27,6.3,203.5,7.1,0.9390599256530342,3662,13416,559.0,143104,9158656
2.5453396,-0.004076437063049525,3.6553419,0.23668066933751106,243.39,6.4,215.18,6.7,0.9360457459130364,3638,13440,560.0,143360,9175040
2.5234795,-0.0043199463747441765,3.8506262,0.22531584426760673,234.85,6.3,187.38,7.2,0.9572452145144617,3616,13464,561.0,143616,9191424
2.566263,-0.004909336532000453,3.0089889,0.23318010315299034,223.17,6.5,219.19,7.0,0.9527370005728631,3668,13488,562.0,143872,9207808
2.557262,-0.004882322500925511,3.3359573,0.2369608087837696,233.98,6.5,266.54,6.0,0.9411428973262889,3662,13512,563.0,144128,9224192
2.5549042,-0.00410564529011026,3.0636992,0.22714125633239746,232.9,6.6,251.85,6.2,0.9460849280060976,3690,13536,564.0,144384,9240576
2.5443041,-0.004859409790951758,3.1648588,0.22696045890450478,255.16,6.1,210.48,6.6,0.9484870454417631,3651,13560,565.0,144640,9256960
2.5270698,-0.004587266314774752,3.5696876,0.24783120810985565,207.25,6.9,223.25,6.7,0.927337971681621,3680,13584,566.0,144896,9273344
2.5219326,-0.005376730789430439,3.6200144,0.23558817714452743,213.87,6.6,229.15,6.6,0.9500169440759614,3655,13608,567.0,145152,9289728
2.5416594,-0.0044747220119461415,3.7292979,0.23895564079284667,242.39,5.9,217.33,6.9,0.9471702551202783,3686,13632,568.0,145408,9306112
2.558745,-0.0044324465747922655,3.1280987,0.2552286420762539,269.16,5.8,195.51,7.1,0.9395749688267655,3682,13656,569.0,145664,9322496
2.5310395,-0.0036581671657040715,3.921979,0.25246863916516304,261.77,5.9,254.3,5.7,0.93783544070981,3625,13680,570.0,145920,9338880
2.5629375,-0.0031374306511133907,3.0751643,0.26797312140464785,227.07,6.7,230.6,6.5,0.9343827279289126,3681,13704,571.0,146176,9355264
2.5337408,-0.004118345668539405,3.6327555,0.2629789753258228,175.11,7.5,222.39,7.1,0.9518391964203774,3646,13728,572.0,146432,9371648
2.513434,-0.004474116892088205,3.4827416,0.28926469847559927,200.94,7.2,237.39,6.5,0.9222996170378421,3689,13752,573.0,146688,9388032
2.5106719,-0.004412729504983872,3.4033144,0.2812668469548225,190.46,7.4,233.53,6.4,0.9424283697794948,3688,13776,574.0,146944,9404416
2.4807067,-0.004619367441628128,4.454549,0.28360792830586434,241.17,6.3,234.56,6.3,0.9360614840819637,3631,13800,575.0,147200,9420800
2.5112941,-0.003983391744550317,3.9431722,0.2816381303966045,205.4,7.0,215.56,6.8,0.9501383240337613,3657,13824,576.0,147456,9437184
2.5255313,-0.004034544783644378,3.7813983,0.2568234965205193,205.4,6.8,215.73,6.5,0.9453104838349925,3627,13848,577.0,147712,9453568
2.5326993,-0.004679734013043344,3.8819797,0.24646362259984017,224.75,6.7,262.08,5.7,0.9528300887129271,3675,13872,578.0,147968,9469952
2.5412564,-0.0057138671819120645,3.6315458,0.24022355943918228,195.37,7.2,214.83,7.3,0.9458573921650233,3658,13896,579.0,148224,9486336
2.5394018,-0.0058435950428247455,3.177798,0.2384330651164055,192.2,7.0,198.02,7.2,0.9495663329985301,3668,13920,580.0,148480,9502720
2.544395,-0.006118113393895328,3.3563788,0.2451241619884968,194.72,7.4,247.99,6.0,0.9300400563391157,3687,13944,581.0,148736,9519104
2.4976149,-0.006677720490843058,3.6170962,0.25537514209747314,205.56,6.9,219.86,6.6,0.937572845787863,3628,13968,582.0,148992,9535488
2.5142105,-0.005198343675583601,4.171466,0.23823126822710036,189.9,7.4,242.32,6.3,0.9594385350706924,3691,13992,583.0,149248,9551872
2.503688,-0.005111618842929602,4.7221937,0.25870989948511125,210.96,6.5,240.21,6.2,0.9350507428116679,3650,14016,584.0,149504,9568256
2.4983764,-0.004511284464970231,4.5396357,0.2823873457312584,178.64,7.3,235.31,6.3,0.9208061887227523,3691,14040,585.0,149760,9584640
2.5367692,-0.0043085205368697645,4.109319,0.28489104002714155,170.1,7.5,216.17,6.6,0.9411505492275064,3626,14064,586.0,150016,9601024
2.5158973,-0.004582162434235215,4.0020742,0.2914108744263649,202.37,6.8,233.16,6.4,0.9548304653745427,3673,14088,587.0,150272,9617408
2.5141928,-0.004842414476443082,3.8617544,0.27409136459231376,217.49,6.7,193.15,7.1,0.9518588279332824,3640,14112,588.0,150528,9633792
2.5345356,-0.004076505991397425,3.2168453,0.24726127684116364,219.42,6.4,186.17,7.5,0.9444791164792717,3646,14136,589.0,150784,9650176
2.4950912,-0.004815813055029139,3.3244145,0.25440529838204384,194.93,6.8,229.29,6.3,0.9183724034698441,3682,14160,590.0,151040,9666560
2.5052378,-0.005269418441457674,3.3862915,0.25145802706480025,193.72,7.3,205.87,6.6,0.9516845977320852,3641,14184,591.0,151296,9682944
2.4571886,-0.00502289276686497,4.500673,0.2609839956462383,196.76,7.0,214.74,6.8,0.947708307134207,3669,14208,592.0,151552,9699328
2.461819,-0.004691211935132742,4.293702,0.2567526824772358,195.69,7.4,215.99,6.5,0.9500189318828876,3640,14232,593.0,151808,9715712
2.4756408,-0.005203681737184524,3.85217,0.26913154155015945,185.72,7.4,223.59,6.6,0.920265299217508,3677,14256,594.0,152064,9732096
2.511913,-0.004902015966363252,3.6153748,0.29053082183003426,193.5,7.5,188.22,7.6,0.9288146846915409,3643,14280,595.0,152320,9748480
2.5146205,-0.00482084596529603,3.2560391,0.2853062433004379,179.97,7.4,209.38,6.9,0.9387989799412148,3675,14304,596.0,152576,9764864
2.4998727,-0.0055300573818385605,3.7589884,0.2961757579445839,188.68,7.0,190.72,7.2,0.9317541888863565,3682,14328,597.0,152832,9781248
2.511428,-0.0056236878596246246,3.4096239,0.26059816852211953,180.49,7.1,195.96,7.2,0.9434291833927893,3646,14352,598.0,153088,9797632
2.5017173,-0.005668371836654842,3.2441218,0.23420197069644927,176.69,7.4,209.51,7.0,0.9489247137427539,3679,14376,599.0,153344,9814016
2.5150206,-0.005901913468260318,3.0672421,0.20676687374711036,214.23,6.8,226.27,6.2,0.9665588331609931,3651,14400,600.0,153600,9830400
2.4983783,-0.006222124476917088,3.4267516,0.19686004668474197,216.94,6.6,189.43,7.2,0.9556079674780928,3676,14424,601.0,153856,9846784
2.4681797,-0.006404932579025626,3.655461,0.18224557146430015,187.55,7.0,221.04,6.5,0.9701470095493736,3678,14448,602.0,154112,9863168
2.367007,-0.0051153074810281396,4.474364,0.22563039794564246,206.57,6.8,194.76,6.9,0.9132211302036018,3641,14472,603.0,154368,9879552
2.4404614,-0.00502132574794814,4.327799,0.25446282915771007,185.46,7.3,186.6,7.3,0.9463527223160335,3666,14496,604.0,154624,9895936
2.4792662,-0.005944605546537787,3.749495,0.28336969643831256,191.77,7.1,199.16,7.2,0.9307194857753157,3641,14520,605.0,154880,9912320
2.4607115,-0.005286282321903855,4.020053,0.311133394241333,177.18,7.3,207.18,6.9,0.9379698020515229,3714,14544,606.0,155136,9928704
2.4699001,-0.0045742424647323785,4.2234755,0.29611981377005575,191.76,7.0,204.56,7.2,0.9369246122635908,3655,14568,607.0,155392,9945088
2.4895084,-0.005911609313916415,4.1197968,0.2972741761803627,167.63,8.0,194.49,6.9,0.9401263007425842,3701,14592,608.0,155648,9961472
2.5202725,-0.005556701966561377,3.5786366,0.3010945798456669,185.78,7.4,202.09,6.8,0.9259451304601956,3677,14616,609.0,155904,9977856
2.5110343,-0.0051425351412035525,3.5627217,0.2855993518233299,215.39,6.9,193.62,6.9,0.9487457958853581,3687,14640,610.0,156160,9994240
2.4751728,-0.006195392415393144,4.589376,0.2710173419117928,210.59,6.6,169.65,7.6,0.9519786412915001,3640,14664,611.0,156416,10010624
2.4976537,-0.005599951839540154,3.8563232,0.2784287141263485,187.66,7.2,199.28,7.0,0.9281876271245891,3695,14688,612.0,156672,10027008
2.499763,-0.00578795418376103,3.7379584,0.2675983992218971,198.43,7.1,241.65,6.1,0.9339847911824352,3686,14712,613.0,156928,10043392
2.5125084,-0.005563217420130968,3.844526,0.27077832862734796,196.49,7.1,208.99,6.7,0.936190325902997,3712,14736,614.0,157184,10059776
2.5187802,-0.005526651665568352,3.285195,0.28983593329787255,147.23,7.8,174.42,7.6,0.9310375872779821,3679,14760,615.0,157440,10076160
2.4835825,-0.005825048885308206,3.7313821,0.28445409625768664,183.84,7.2,204.83,6.7,0.927669839568302,3675,14784,616.0,157696,10092544
2.5003598,-0.005694575589150191,3.7706065,0.2672530150413513,197.43,7.1,224.98,6.4,0.9458103731487721,3707,14808,617.0,157952,10108928
2.474099,-0.005535544198937714,4.4351463,0.2608057940006256,179.29,7.3,223.31,6.5,0.9454953036884898,3678,14832,618.0,158208,10125312
2.4611073,-0.006708638458512724,4.539168,0.22819093033671378,156.55,7.7,216.63,6.5,0.9616152195968867,3714,14856,619.0,158464,10141696
2.4875166,-0.0061014292342588304,4.2184935,0.2431895461678505,192.78,7.6,214.71,6.6,0.9087317281091483,3681,14880,620.0,158720,10158080
2.5209112,-0.00588038481073454,3.8444047,0.25696140110492705,183.3,7.6,214.72,6.7,0.9295630931354223,3692,14904,621.0,158976,10174464
2.5116382,-0.005486546845640987,4.0016084,0.2648293027281761,197.03,6.9,206.32,6.5,0.9373076142633365,3678,14928,622.0,159232,10190848
2.527934,-0.004896521361079067,3.62006,0.28829139471054077,165.94,7.5,200.74,7.1,0.9354662228544819,3697,14952,623.0,159488,10207232
2.4583335,-0.005864554254803807,3.9295645,0.25432310447096823,169.04,7.4,187.42,7.1,0.9561606387855381,3657,14976,624.0,159744,10223616
2.4716713,-0.005289742699824273,4.5042715,0.23955241680145264,199.9,6.9,175.81,7.3,0.9452516541763162,3691,15000,625.0,160000,10240000
2.5204902,-0.005615585246123374,3.5630283,0.21773131117224692,200.02,7.3,191.49,7.1,0.9620046793326136,3676,15024,626.0,160256,10256384
2.4928668,-0.005545315183699131,4.2184777,0.220306978225708,222.45,6.6,197.55,7.0,0.9323407647545527,3682,15048,627.0,160512,10272768
2.4827406,-0.005296032421756536,4.494899,0.20622152872383595,239.66,6.4,227.84,6.5,0.968743376442593,3672,15072,628.0,160768,10289152
2.5347588,-0.004420478960964829,3.9974444,0.22357553862035273,172.39,7.9,234.95,6.8,0.9382811295496203,3646,15096,629.0,161024,10305536
2.5261948,-0.00533469800138846,4.234954,0.23644184075295926,207.08,6.7,185.01,7.0,0.9438168677440993,3676,15120,630.0,161280,10321920
2.527145,-0.004489943741355092,4.126778,0.23274435870349408,196.2,6.8,205.81,6.9,0.9356661425066594,3635,15144,631.0,161536,10338304
2.5569296,-0.005160021362826228,3.4532173,0.24611511312425136,195.53,6.9,214.42,6.6,0.9325772418072282,3695,15168,632.0,161792,10354688
2.5258749,-0.005612972732633352,3.6979156,0.24760426104068756,203.45,6.8,143.88,8.1,0.9353900528017995,3674,15192,633.0,162048,10371072
2.5388763,-0.005973874414339661,3.7157393,0.225450776219368,172.75,7.5,168.49,7.5,0.9629779842313247,3693,15216,634.0,162304,10387456
2.4854124,-0.006318008620291948,4.3522234,0.2435457833111286,200.95,7.0,174.5,7.3,0.9342233973365301,3662,15240,635.0,162560,10403840
2.4655683,-0.005452117505483329,4.075169,0.2463308934867382,179.72,7.8,161.94,7.6,0.9530660298208562,3693,15264,636.0,162816,10420224
2.4517586,-0.005244986889883876,4.471292,0.2768326322734356,186.59,6.8,177.18,7.2,0.9230876932192901,3626,15288,637.0,163072,10436608
2.427842,-0.005404236160684377,4.656308,0.30783611312508585,197.71,6.9,156.11,7.8,0.9346490214951224,3664,15312,638.0,163328,10452992
2.428367,-0.005443484710995108,4.432745,0.32411095663905143,175.18,7.3,159.54,7.6,0.9309044335446575,3641,15336,639.0,163584,10469376
2.397167,-0.004736287661362439,4.790454,0.3206366704404354,167.58,7.6,183.36,7.2,0.9535800357085983,3690,15360,640.0,163840,10485760
2.425525,-0.0054419499984942376,4.4580264,0.3241383895277977,140.77,7.9,199.69,7.1,0.9205648300769258,3626,15384,641.0,164096,10502144
2.4976718,-0.005805942020379007,3.7283006,0.29215208157896994,173.71,7.5,213.31,6.5,0.949350824394878,3662,15408,642.0,164352,10518528
2.4795365,-0.005248941322788596,4.1313877,0.2663411062955856,210.68,6.7,189.85,7.3,0.938734203690381,3633,15432,643.0,164608,10534912
2.4829144,-0.006153968838043511,3.6133173,0.2505996130406857,191.57,7.2,182.77,7.0,0.9526507997831833,3668,15456,644.0,164864,10551296
2.4698272,-0.005980049965437502,3.8069718,0.22732793763279915,198.06,7.6,181.46,7.0,0.9429779686769214,3661,15480,645.0,165120,10567680
2.4440136,-0.005888393924105912,4.244461,0.23140971839427948,208.05,6.6,201.94,6.7,0.947541519819379,3717,15504,646.0,165376,10584064
2.4513493,-0.005624796566553414,4.2362537,0.2603143912553787,166.86,7.4,188.27,7.1,0.9172082537428871,3657,15528,647.0,165632,10600448
2.4654355,-0.005464774123392999,4.1575284,0.2681004843115807,194.78,7.3,161.89,7.6,0.9401066856201505,3639,15552,648.0,165888,10616832
2.4016275,-0.004503203621134162,4.337586,0.2794287696480751,139.37,8.1,213.96,6.6,0.9333560432809678,3661,15576,649.0,166144,10633216
2.4383316,-0.004902360045816749,4.371972,0.2686882488429546,194.36,7.0,175.35,7.5,0.9513403121710294,3691,15600,650.0,166400,10649600
2.4294317,-0.005403110017068684,4.391369,0.25422840550541875,201.19,6.6,216.77,6.5,0.9357311921959315,3673,15624,651.0,166656,10665984
2.4717324,-0.004670761802699417,4.183742,0.26061327531933787,212.73,6.5,205.97,6.9,0.939825216880371,3695,15648,652.0,166912,10682368
2.4964995,-0.005754812119994313,3.9282386,0.2544240301847458,185.17,7.5,204.43,6.9,0.9360453583057462,3650,15672,653.0,167168,10698752
2.441034,-0.0050059475610032675,4.220212,0.26279845848679545,179.85,7.2,201.56,7.1,0.9446707571391735,3694,15696,654.0,167424,10715136
2.473123,-0.005550787569954991,4.0998354,0.26180611744523047,168.98,7.4,238.31,6.0,0.936461354409321,3687,15720,655.0,167680,10731520
2.452167,-0.006833722114097327,4.1381445,0.26991425827145576,167.93,7.6,167.12,7.4,0.9270821333840993,3653,15744,656.0,167936,10747904
2.5063667,-0.0056764725712127985,3.69556,0.271987669467926,222.92,6.7,189.75,7.0,0.9280925420856108,3678,15768,657.0,168192,10764288
2.4620068,-0.005806025643832982,4.087275,0.2915465211868286,189.38,7.2,176.63,7.7,0.9017081995254662,3641,15792,658.0,168448,10780672
2.4761493,-0.005459475149400532,4.04843,0.28653029873967173,147.22,7.9,171.74,7.4,0.9370388434393824,3678,15816,659.0,168704,10797056
2.5388017,-0.005563344748225063,3.1652026,0.25759814560413363,167.99,7.3,179.3,7.3,0.951696472502898,3667,15840,660.0,168960,10813440
2.5064893,-0.006063598638866097,3.5167615,0.2479116612672806,204.09,6.8,191.51,7.2,0.9394618487467621,3666,15864,661.0,169216,10829824
2.4889522,-0.0059768155007623135,3.6370585,0.2219248415529728,174.62,7.4,167.4,7.2,0.9495903526284002,3677,15888,662.0,169472,10846208
2.5317402,-0.006488712436985225,3.141876,0.23151703253388406,191.67,7.3,160.94,7.5,0.9217202315694434,3659,15912,663.0,169728,10862592
2.4909556,-0.005835588239133358,3.653557,0.22508040100336074,163.83,7.6,180.09,7.1,0.956811610522934,3687,15936,664.0,169984,10878976
2.4611266,-0.0056437032017856836,4.3301806,0.22871001914143563,188.82,7.2,154.24,7.9,0.9435995357535433,3661,15960,665.0,170240,10895360
2.4261396,-0.005548001930583269,4.427172,0.24886718451976775,187.3,7.2,202.84,6.8,0.9176631239710433,3673,15984,666.0,170496,10911744
2.3943617,-0.0051424421300180255,4.7904406,0.24527669563889504,198.24,7.2,200.35,6.6,0.9331566903461704,3666,16008,667.0,170752,10928128
2.4608998,-0.005487265239935368,4.053725,0.2638824361562729,165.18,7.5,196.84,6.6,0.9313967143810976,3716,16032,668.0,171008,10944512
2.4878256,-0.006031014760956168,3.8492966,0.2734317398071289,199.86,6.9,158.65,7.5,0.93699248326271,3682,16056,669.0,171264,10960896
2.447481,-0.0049160787649452685,3.927816,0.26602638229727743,174.53,7.3,197.31,6.7,0.9451944916829863,3716,16080,670.0,171520,10977280
2.4766772,-0.005583027380052954,3.619892,0.2482856759428978,178.53,7.5,165.51,7.8,0.9521472626509991,3680,16104,671.0,171776,10993664
2.460734,-0.005506733309011906,3.813335,0.23660345628857612,192.29,6.9,189.91,7.3,0.9501607599348721,3690,16128,672.0,172032,11010048
2.4307485,-0.005054447492584586,3.932297,0.212844492867589,142.01,8.1,197.18,6.9,0.9619199030681146,3652,16152,673.0,172288,11026432
2.405778,-0.005686968802474439,4.156881,0.2116824636608362,175.21,7.4,230.72,6.4,0.9402064539114747,3680,16176,674.0,172544,11042816
2.4751778,-0.005844353861175477,3.6805503,0.22129359312355518,199.64,7.1,188.83,7.2,0.9430435541351537,3634,16200,675.0,172800,11059200
2.466765,-0.006388983353972435,4.107216,0.26779399015009403,201.48,7.4,193.62,7.2,0.9006041249108011,3667,16224,676.0,173056,11075584
2.4489486,-0.006443775666411966,3.9183702,0.2901491978019476,194.14,7.2,159.02,7.7,0.9391019316271738,3642,16248,677.0,173312,11091968
2.436168,-0.0070514461514540015,3.97001,0.28527177408337595,176.45,7.1,194.71,7.2,0.9515003039456561,3678,16272,678.0,173568,11108352
2.414494,-0.006375332197640091,4.4670873,0.3215769144892693,181.33,7.0,179.12,7.3,0.909292229826481,3689,16296,679.0,173824,11124736
2.4659119,-0.006974698489066213,4.125863,0.2880429898202419,149.47,8.3,195.41,7.0,0.9498060026394862,3654,16320,680.0,174080,11141120
2.4961002,-0.006198562143836171,3.6520152,0.27051242351531984,203.53,7.0,140.53,8.2,0.9488807268673219,3682,16344,681.0,174336,11157504
2.4789832,-0.0065289789554663,3.9871583,0.26802432894706724,182.05,7.3,182.8,7.3,0.9508935916296216,3650,16368,682.0,174592,11173888
2.4472065,-0.00589001368964091,4.1609845,0.2464541558921337,161.47,7.6,152.64,7.9,0.9340509463583192,3689,16392,683.0,174848,11190272
2.5034914,-0.005642212464008481,3.6429691,0.23773328274488448,183.82,7.3,157.98,7.9,0.9372129440971254,3691,16416,684.0,175104,11206656
2.4931371,-0.005861760275438428,4.393584,0.25364776954054835,161.65,7.4,150.34,7.9,0.9344531754217204,3655,16440,685.0,175360,11223040
2.4732432,-0.006740166475065052,4.1913543,0.2616904453933239,196.99,7.2,174.51,7.4,0.9421006855908907,3683,16464,686.0,175616,11239424
2.5167572,-0.0062775112525559965,3.6353076,0.2866316202282906,180.7,7.4,194.15,7.2,0.9183241936016333,3636,16488,687.0,175872,11255808
2.4856286,-0.006826880674343556,4.138119,0.29143727004528047,151.75,7.8,174.7,7.4,0.9465857240937018,3627,16512,688.0,176128,11272192
2.497931,-0.0061876696324907245,4.0939045,0.2974948780238628,158.38,7.6,130.8,8.1,0.9277152415038828,3662,16536,689.0,176384,11288576
2.4752104,-0.005370893899817019,3.9968095,0.3038115681707859,144.33,8.5,176.85,7.4,0.9402295650064757,3654,16560,690.0,176640,11304960
2.5009785,-0.005306560783647001,4.2484264,0.2820188245177269,147.63,7.7,215.07,6.5,0.9416648927270569,3698,16584,691.0,176896,11321344
2.4777474,-0.005742539037019014,4.3553824,0.2517960371077061,156.35,7.7,195.41,6.9,0.96341511363896,3640,16608,692.0,177152,11337728
2.5212004,-0.005289802788756788,3.6082504,0.25885532528162003,212.57,6.3,186.5,7.1,0.9290343935171417,3679,16632,693.0,177408,11354112
2.5192266,-0.006239785291254521,3.451457,0.26749966815114024,176.33,7.4,181.23,7.0,0.9176452424719276,3640,16656,694.0,177664,11370496
2.4912412,-0.005575220119208097,3.7502558,0.267281042188406,198.32,7.1,185.58,7.0,0.931194472830038,3663,16680,695.0,177920,11386880
2.5201342,-0.0057868625712580975,3.6300967,0.274494329765439,172.85,7.3,154.64,7.5,0.952042508308437,3641,16704,696.0,178176,11403264
2.498968,-0.005535441488027573,4.03342,0.26890155985951425,213.79,6.4,180.19,7.1,0.9358234920402702,3702,16728,697.0,178432,11419648
2.521472,-0.004482277203351259,3.6759794,0.2572918802499771,170.27,7.4,154.11,7.6,0.9368918645501529,3646,16752,698.0,178688,11436032
2.5223284,-0.004953670036047697,3.8723912,0.2532758827507496,196.08,7.2,156.81,7.6,0.9377656684363921,3666,16776,699.0,178944,11452416
2.519815,-0.005870988690294326,3.4777122,0.2513870470225811,190.97,7.2,139.92,7.8,0.9391337255304991,3642,16800,700.0,179200,11468800
2.5461764,-0.00531034164596349,3.4635904,0.23741509646177292,206.39,6.7,136.76,8.0,0.9335271411053734,3666,16824,701.0,179456,11485184
2.4669087,-0.004909614925272763,3.9288335,0.2381821630895138,138.11,8.1,165.13,7.5,0.9354415687490417,3638,16848,702.0,179712,11501568
2.531652,-0.004624381850007921,3.8498385,0.22324634179472924,164.13,7.7,168.41,7.5,0.9490025549347298,3687,16872,703.0,179968,11517952
2.5346646,-0.004652773144189268,3.6521099,0.23863780990242958,183.31,7.1,174.43,7.3,0.9278946378460131,3675,16896,704.0,180224,11534336
2.5241563,-0.004700545084197074,3.8586268,0.24232761397957803,172.76,7.3,128.89,8.3,0.9452181532743094,3701,16920,705.0,180480,11550720
2.509437,-0.0056832771492190655,3.4467952,0.2519688978791237,162.12,7.4,157.71,7.9,0.9305140716406008,3651,16944,706.0,180736,11567104
2.5833092,-0.005727035407908261,2.843378,0.2540958060324192,185.49,7.1,146.66,7.9,0.9300153602527083,3666,16968,707.0,180992,11583488
2.517996,-0.006457182944286615,3.8773174,0.26383948877453806,195.18,7.1,161.72,7.8,0.9246082510740571,3662,16992,708.0,181248,11599872
2.4907076,-0.005880166634451598,3.8932734,0.2415300700813532,173.5,7.2,180.65,6.9,0.9657571382890996,3621,17016,709.0,181504,11616256
2.5316591,-0.005729624757077545,3.620697,0.2337557641416788,172.27,7.3,169.38,7.4,0.9309813449272455,3682,17040,710.0,181760,11632640
2.5269897,-0.005768437117803842,3.4754457,0.2258626950532198,204.88,6.6,160.35,7.5,0.941173346773655,3664,17064,711.0,182016,11649024
2.5620666,-0.006032685216050595,3.2101965,0.21230300553143025,174.24,7.4,194.74,6.9,0.9329625241539423,3712,17088,712.0,182272,11665408
2.543922,-0.006256312381010503,3.5904675,0.2231438297778368,214.36,6.7,212.38,6.6,0.9390272897483066,3697,17112,713.0,182528,11681792
2.5129147,-0.0065392300090752545,4.068378,0.225336267799139,189.14,7.1,134.83,7.9,0.9354976396022762,3632,17136,714.0,182784,11698176
2.4923215,-0.006866659696679562,3.7303119,0.23601206690073012,193.88,7.2,169.18,7.5,0.9362303342910504,3667,17160,715.0,183040,11714560
2.5012305,-0.006761318556964397,3.8388715,0.22944986790418626,181.9,7.2,174.55,7.1,0.9396125658288149,3655,17184,716.0,183296,11730944
2.4919736,-0.006910087899304926,3.927499,0.24083811908960343,155.16,7.9,155.12,7.8,0.9335675996985823,3689,17208,717.0,183552,11747328
